<?xml version="1.0" encoding="utf-8"?>
<Project formName="Jeelu.SimplusD.Lib.BaseListBorm">
  <MenuAndToolStrips enabled="false">
    <ToolStripItem fucation="newItem"
                   text="新建(&amp;N)"
                   toolBarControlType="DropDownButton"
                   hasIcon="pathvalue"
                   isRun="true"
                   CheckState="null"
                   inToolBarStyle="image"
                   inMenuStyle="image|text"
                   menuControlType="MenuItem"
                   place="Menu|ToolBar"
                   isPop="false">
      <ToolStripItem fucation="generalPage"
                    text="普通页面"
                    CheckState="false"
                    toolBarControlType="MenuItem"
                    hasIcon="false"
                    isRun="true"
                    inToolBarStyle="image|text"
                    inMenuStyle="image|text"
                    menuControlType="MenuItem"
                    place="Menu|ToolBar"
                    isPop="false">
      </ToolStripItem>
      <ToolStripItem fucation="productPage"
                    text="商品页面"
                    CheckState="false"
                    toolBarControlType="MenuItem"
                    hasIcon="false"
                    isRun="true"
                    inToolBarStyle="image|text"
                    inMenuStyle="image|text"
                    menuControlType="MenuItem"
                    place="Menu|ToolBar"
                    isPop="false">
      </ToolStripItem>
      <ToolStripItem fucation="knowledgePage"
                    text="知识页面"
                    CheckState="false"
                    toolBarControlType="MenuItem"
                    hasIcon="false"
                    isRun="true"
                    inToolBarStyle="image|text"
                    inMenuStyle="image|text"
                    menuControlType="MenuItem"
                    place="Menu|ToolBar"
                    isPop="false">
      </ToolStripItem>
      <ToolStripItem fucation="projectPage"
                    text="项目页面"
                    CheckState="false"
                    toolBarControlType="MenuItem"
                    hasIcon="false"
                    isRun="true"
                    inToolBarStyle="image|text"
                    inMenuStyle="image|text"
                    menuControlType="MenuItem"
                    place="Menu|ToolBar"
                    isPop="false">
      </ToolStripItem>
      <ToolStripItem fucation="biddPage"
                    text="招标页面"
                    CheckState="false"
                    toolBarControlType="MenuItem"
                    hasIcon="false"
                    isRun="true"
                    inToolBarStyle="image|text"
                    inMenuStyle="image|text"
                    menuControlType="MenuItem"
                    place="Menu|ToolBar"
                    isPop="false">
      </ToolStripItem>
      <ToolStripItem fucation="hrPage"
                    text="招聘页面"
                    CheckState="false"
                    toolBarControlType="MenuItem"
                    hasIcon="false"
                    isRun="true"
                    inToolBarStyle="image|text"
                    inMenuStyle="image|text"
                    menuControlType="MenuItem"
                    place="Menu|ToolBar"
                    isPop="false">
      </ToolStripItem>
    </ToolStripItem>
    <ToolStripItem fucation="editItem"
                   text="编辑"
                   hotkey="E"
                   inToolBarStyle="image"
                   toolBarControlType="Button"
                   hasIcon="pathvalue"
                   isRun="true"
                   CheckState="null"
                   inMenuStyle="image|text"
                   menuControlType="MenuItem"
                   place="Menu|ToolBar"
                   isPop="true">
    </ToolStripItem>
    <ToolStripItem fucation="deleteItem"
                   text="删除"
                   toolBarControlType="Button"
                   hasIcon="pathvalue"
                   isRun="false"
                   CheckState="null"
                   inToolBarStyle="image"
                   inMenuStyle="image|text"
                   menuControlType="MenuItem"
                   place="Menu|ToolBar"
                   isPop="false">
    </ToolStripItem>
    <!--<ToolStripItem fucation="revertItem" text="还原" toolBarControlType="Button" hasIcon="pathvalue" isRun="false" CheckState="null" inToolBarStyle="nothing" inMenuStyle="image|text" menuControlType="MenuItem" place="Menu|ToolBar" isPop="false">
      </ToolStripItem>-->
    <ToolStripItem toolBarControlType="Separator"
                   menuControlType="Separator"
                   place="Menu|ToolBar" />
    <ToolStripItem fucation="publishItem"
                   text="发布"
                   hotkey="S"
                   toolBarControlType="Button"
                   hasIcon="pathvalue"
                   isRun="true"
                   CheckState="null"
                   inToolBarStyle="image"
                   inMenuStyle="image|text"
                   menuControlType="MenuItem"
                   place="Menu|ToolBar"
                   isPop="false">
    </ToolStripItem>
    <ToolStripItem fucation="publishZItem"
                   text="撤销发布"
                   hotkey="Z"
                   toolBarControlType="Button"
                   hasIcon="pathvalue"
                   isRun="true"
                   CheckState="null"
                   inToolBarStyle="image"
                   inMenuStyle="image|text"
                   menuControlType="MenuItem"
                   place="Menu|ToolBar"
                   isPop="false">
    </ToolStripItem>
    <ToolStripItem fucation="advertisementItem"
                   text="推广"
                   hotkey="A"
                   toolBarControlType="Button"
                   hasIcon="pathvalue"
                   isRun="true"
                   CheckState="null"
                   inToolBarStyle="image"
                   inMenuStyle="image|text"
                   menuControlType="MenuItem"
                   place="Menu|ToolBar"
                   isPop="true">
    </ToolStripItem>
    <ToolStripItem fucation="advertisementZItem"
                   text="撤销推广"
                   hotkey="D"
                   toolBarControlType="Button"
                   hasIcon="pathvalue"
                   isRun="true"
                   CheckState="null"
                   inToolBarStyle="image"
                   inMenuStyle="image|text"
                   menuControlType="MenuItem"
                   place="Menu|ToolBar"
                   isPop="true">
    </ToolStripItem>
    <ToolStripItem toolBarControlType="Separator"
                   menuControlType="Separator"
                   place="Menu|ToolBar" />
    <ToolStripItem fucation="cutItem"
                   text="剪切"
                   hotkey="T"
                   toolBarControlType="Button"
                   hasIcon="pathvalue"
                   isRun="false"
                   CheckState="null"
                   inToolBarStyle="nothing"
                   inMenuStyle="image|text"
                   menuControlType="MenuItem"
                   place="Menu"
                   isPop="false">
    </ToolStripItem>
    <ToolStripItem fucation="copyItem"
                   text="复制"
                   hotkey="Y"
                   toolBarControlType="Button"
                   hasIcon="pathvalue"
                   isRun="false"
                   CheckState="null"
                   inToolBarStyle="nothing"
                   inMenuStyle="image|text"
                   menuControlType="MenuItem"
                   place="Menu"
                   isPop="false">
    </ToolStripItem>
    <ToolStripItem fucation="pasteItem"
                   text="粘贴"
                   hotkey="P"
                   toolBarControlType="Button"
                   hasIcon="pathvalue"
                   isRun="false"
                   CheckState="null"
                   inToolBarStyle="nothing"
                   inMenuStyle="image|text"
                   menuControlType="MenuItem"
                   place="Menu"
                   isPop="false">
    </ToolStripItem>
    <ToolStripItem toolBarControlType="Separator"
                   menuControlType="Separator"
                   place="Menu|ToolBar" />
    <ToolStripItem fucation="allSelectionItem"
                   text="全选"
                   toolBarControlType="Button"
                   hasIcon="pathvalue"
                   isRun="false"
                   CheckState="null"
                   inToolBarStyle="nothing"
                   inMenuStyle="image|text"
                   menuControlType="MenuItem"
                   place="Menu"
                   isPop="false">
    </ToolStripItem>
    <ToolStripItem fucation="refurbish"
                   text="刷新"
                   CheckState="null"
                   toolBarControlType="Button"
                   hasIcon="pathvalue"
                   isRun="true"
                   hotkey="B"
                   inToolBarStyle="image"
                   inMenuStyle="image|text"
                   menuControlType="MenuItem"
                   place="Menu|ToolBar"
                   isPop="false">
    </ToolStripItem>
    <ToolStripItem toolBarControlType="Separator"
                   menuControlType="Separator"
                   place="Menu|ToolBar" />
    <ToolStripItem fucation="selectedChannel"
                   text="频道"
                   CheckState="null"
                   toolBarControlType="Button"
                   hasIcon="pathvalue"
                   isRun="true"
                   inToolBarStyle="image|text"
                   inMenuStyle="image|text"
                   menuControlType="MenuItem"
                   place="Menu|ToolBar"
                   isPop="false">
    </ToolStripItem>
    <ToolStripItem toolBarControlType="Separator"
               menuControlType="Separator"
               place="Menu|ToolBar" />
    <!--<ToolStripItem fucation="upItem"
                       text="上移"
                       hotkey="U"
                       toolBarControlType="Button"
                       hasIcon="pathvalue"
                       isRun="true"
                       CheckState="null"
                       inToolBarStyle="image"
                       inMenuStyle="image|text"
                       menuControlType="MenuItem"
                       place="Menu|ToolBar"
                       isPop="false">
        </ToolStripItem>
        <ToolStripItem fucation="upTopItem"
                       text="上移到顶部"
                       hotkey="O"
                       toolBarControlType="Button"
                       hasIcon="pathvalue"
                       isRun="true"
                       CheckState="null"
                       inToolBarStyle="image"
                       inMenuStyle="image|text"
                       menuControlType="MenuItem"
                       place="Menu|ToolBar"
                       isPop="false">
        </ToolStripItem>
        <ToolStripItem fucation="downItem"
                       text="下移"
                       hotkey="D"
                       toolBarControlType="Button"
                       hasIcon="pathvalue"
                       isRun="true"
                       CheckState="null"
                       inToolBarStyle="image"
                       inMenuStyle="image|text"
                       menuControlType="MenuItem"
                       place="Menu|ToolBar"
                       isPop="false">
        </ToolStripItem>
        <ToolStripItem fucation="downFooterItem"
                       text="下移到尾部"
                       hotkey="W"
                       toolBarControlType="Button"
                       hasIcon="pathvalue"
                       isRun="true"
                       CheckState="null"
                       inToolBarStyle="image"
                       inMenuStyle="image|text"
                       menuControlType="MenuItem"
                       place="Menu|ToolBar"
                       isPop="false">
        </ToolStripItem>
        <ToolStripItem toolBarControlType="Separator"
                       menuControlType="Separator"
                       place="Menu|ToolBar" />-->
    <ToolStripItem fucation="filterItem"
                   text="筛选"
                   hotkey="F"
                   toolBarControlType="DropDownButton"
                   hasIcon="pathvalue"
                   isRun="true"
                   CheckState="null"
                   inToolBarStyle="image|text"
                   inMenuStyle="image|text"
                   menuControlType="MenuItem"
                   place="Menu|ToolBar"
                   isPop="false">
      <ToolStripItem fucation="showAll"
                     text="全部"
                     CheckState="false"
                     toolBarControlType="MenuItem"
                     hasIcon="false"
                     isRun="true"
                     inToolBarStyle="image|text"
                     inMenuStyle="image|text"
                     menuControlType="MenuItem"
                     place="Menu|ToolBar"
                     isPop="false">
      </ToolStripItem>
      <ToolStripItem toolBarControlType="Separator"
                     menuControlType="Separator"
                     place="Menu|ToolBar" />
      <ToolStripItem fucation="new"
                     text="新建"
                     CheckState="false"
                     toolBarControlType="MenuItem"
                     hasIcon="false"
                     isRun="true"
                     inToolBarStyle="image|text"
                     inMenuStyle="image|text"
                     menuControlType="MenuItem"
                     place="Menu|ToolBar"
                     isPop="false">
      </ToolStripItem>
      <ToolStripItem toolBarControlType="Separator"
                     menuControlType="Separator"
                     place="Menu|ToolBar" />
      <ToolStripItem fucation="publishAndIsModify"
                     text="已上传已修改"
                     CheckState="false"
                     toolBarControlType="MenuItem"
                     hasIcon="false"
                     isRun="true"
                     inToolBarStyle="image|text"
                     inMenuStyle="image|text"
                     menuControlType="MenuItem"
                     place="Menu|ToolBar"
                     isPop="false">
      </ToolStripItem>
      <ToolStripItem fucation="publishAndIsNotModify"
                     text="已上传未修改"
                     CheckState="false"
                     toolBarControlType="MenuItem"
                     hasIcon="false"
                     isRun="true"
                     inToolBarStyle="image|text"
                     inMenuStyle="image|text"
                     menuControlType="MenuItem"
                     place="Menu|ToolBar"
                     isPop="false">
      </ToolStripItem>
    </ToolStripItem>
    <ToolStripItem toolBarControlType="Separator"
                   menuControlType="Separator"
                   place="Menu|ToolBar" />
    <ToolStripItem fucation="findLabel"
                   text="搜索:"
                   toolBarControlType="Label"
                   inToolBarStyle="text"
                   place="ToolBar" />
    <ToolStripItem fucation="findValue"
                   text="查找"
                   toolBarControlType="ComboBox"
                   hasIcon="false"
                   isRun="true"
                   CheckState="null"
                   inToolBarStyle="image|text"
                   place="ToolBar"
                   isPop="false"
                   menuControlType="ComboBox">
      <ItemValue fucation="GetUserFindValue"
                 isRun="true">
      </ItemValue>
    </ToolStripItem>
    <ToolStripItem toolBarControlType="Separator"
                   menuControlType="Separator"
                   place="Menu|ToolBar" />
    <ToolStripItem fucation="findTimeType"
                   text="时间位置"
                   toolBarControlType="ComboBox"
                   hasIcon="false"
                   isRun="true"
                   CheckState="null"
                   inToolBarStyle="nothing"
                   place="ToolBar"
                   isPop="false"
                   menuControlType="ComboBox">
    </ToolStripItem>
    <ToolStripItem fucation="findTimeConfig"
                   text="时间条件"
                   toolBarControlType="ComboBox"
                   hasIcon="false"
                   isRun="true"
                   CheckState="null"
                   inToolBarStyle="nothing"
                   place="ToolBar"
                   isPop="false"
                   menuControlType="ComboBox">
      <ItemValue>近一天</ItemValue>
      <ItemValue>近一周</ItemValue>
      <ItemValue isDefault="true">近一月</ItemValue>
      <ItemValue>近一季度</ItemValue>
      <ItemValue>近一年</ItemValue>
      <ItemValue>所有</ItemValue>
    </ToolStripItem>
   
    <ToolStripItem fucation="itemProperty"
                   text="属性"
                   hotkey="R"
                   toolBarControlType="Button"
                   hasIcon="pathvalue"
                   isRun="true"
                   CheckState="null"
                   inToolBarStyle="image"
                   inMenuStyle="image|text"
                   menuControlType="MenuItem"
                   place="Menu"
                   isPop="false">
    </ToolStripItem>
  </MenuAndToolStrips>
  <text name="Title"
        value="标题"/>
  <text name="Description"
        value="内容">
  </text>
  <text name="Department"
        value="部门">
  </text>
  <text name="LinkMan"
        value="联系人">
  </text>
  <text name="LinkPhone"
        value="联系电话">
  </text>
  <text name="LinkEmail"
        value="Email">
  </text>
  <text name="LinkPostCode"
        value="邮编">
  </text>
  <text name="LinkAddress"
        value="联系人地址">
  </text>
  <text name="IsAlreadyPublished"
        value="已经发布">
  </text>
  <text name="IsAd"
        value="推广">
  </text>
  <text name="IsModified"
        value="修改">
  </text>
  <text name="ModifiedTime"
        value="修改时间">
  </text>
  <text name="IsPublish"
        value="发布">
  </text>
  <text name="IsOnceAd"
        value="曾经推广">
  </text>
  <text name="PublishedTime"
        value="发布时间">
  </text>
  <text name="AdTime"
        value="推广时间">
  </text>
  <text name="CreatedTime"
        value="创建时间">
  </text>
  <text name="IsFavorite"
        value="收藏">
  </text>
  <text name="IsDeleted"
        value="是否删除">
  </text>
  <text name="Link"
        value="联系方式">
  </text>
  <text name="State"
        value="保存状态">
  </text>
  <text name="Custom"
        value="自定义">
  </text>
  <text name="error"
        value="开发期错误:窗体配置文件不在指定的路径\r\n">
  </text>
  <text name="tagerror"
        value="\r\n">
  </text>
  <text name="SimpleState"
        value="状态">
  </text>
  <text name="designerror"
        value="开发期错误">
  </text>
  <text name="notOneChannel"
        value="不为统一频道不能粘贴">
  </text>
  <text name="notContent"
     value="粘贴的内容为空">
  </text>
  <text name="titleFormat" value="页面管理({0})" />
  <text name="showAll" value="全部" />

 
</Project>