﻿<?xml version="1.0" encoding="UTF-8"?>
<resourceText>
  <databind level="1" id="1" file="ChannelType.xml" />
  <databind level="2" id="2" file="ChannelType.xml" />
  <databind level="1" id="3" file="ContentSortItem.xml" />

  <form text="频道属性" />
  <control name="lblName" text="频道名称:" ></control>
  <control name="lblChannelType" text="频道类型:"></control>
  <control name="lblchannelSubType" text="频道类型:"></control>
  <control name="channelTypeComboBox" databindid="1" ></control>
  <control name="channelSubTypeComboBox" databindid="2" selectControl="channelTypeComboBox" ></control>
  <control name="lblLangGroup" text="语言配置组:" ></control>
  <control name="lblSummary" text="设计摘要:" ></control>
  <control name="channelInfoGroup" text="频道基本信息" ></control>
  <control name="contentSortGroup" text="频道内容排序" ></control>
  <control name="lblSortItem" text="排序项:" ></control>
  <control name="lblSortType" text="排序方法:" ></control>
  <control name="mulitLangCheckBox" text="网站各语言子站均使用相同的频道设置" ></control>
  <control name="sortItemComboBox" databindid="3" ></control>
  <control name="orderRadioBtn" text="正序" ></control>
  <control name="unOrderRadioBtn" text="倒序" ></control>
  <control name="randOrderRadioBtn" text="随机" ></control>
  <control name="channelStateGroupBox" text="频道状态" ></control>
  <control name="isEnabelCheckBox" text="发布"></control>
  <control name="isDeleteCheckBox" text="删除"></control>

  <text name="langGroupTip" value="语言组不能为空"></text>
  <text name="quiteDelFirstTip" value="您确定您真得要删除此频道吗？"></text>
  <text name="quiteDelSecTip" value="此删除不仅仅只删除当前频道，同时也会删除掉其子目录及其下N次方篇文章？"></text>

</resourceText>