﻿<?xml version="1.0" encoding="utf-8" ?>
<resourceText>
  <databind level="1" id="1" file="TmpltType.xml" />
  <form text="模板属性" />
  <control name="okBtn" text="确定" />
  <control name="cancelBtn" text="取消" />
  <control name="tmpltIdLabel" text="模板编号:" />
  <control name="tmpltTypeLable" text="模板类型:" />
  <control name="channelLabel" text="频道:" />
  <control name="descriptionLabel" text="模板描述:" />
  <control name="tmpltTBox" validate="tmpltId" helptip="设置一个易记忆的ID，由数字和字母构成" />
  <control name="tmpltTypeCBox" databindid="1" helptip=" " />
  <control name="channelCBox" helptip=" " />
  <control name="descriptionTBox" validate="description5summary" helptip="不能超过256个字符，详细说明模板的用途，设计期使用。" />
  <resource id ="1" file="dialog.img.resources" key="img.340x60.dialog.top" />
</resourceText>
