﻿<?xml version="1.0" encoding="utf-8" ?>
<resourceText>
  <form text="使用Jeelu通行证ID登录" />
  <control name="lblName" text="用户名: " />
  <control name="lblPwd" text="密　码: " />
  <control name="lblTitle" text="使用Jeelu通行证ID登录：" />
  <control name="llblForgetPwd" text="忘记密码?" />
  <control name="lblIdPassportHelpTitle" text="Jeelu Passport ID:" />
  <control name="lblIdPassportHelpText" text="用于Jeelu平台和SimplusD自助建站的帐户服务。" />
  <control name="UserNameTBox" validate="NotNull&amp;UserName" helptip="请输入您的用户名" />
  <control name="UserPwdTBox" validate="NotNull&amp;Password" helptip="请输入您的密码" />
  <control name="rememberPwdCheckBox" text="记住用户名与密码" />
  <control name="StartCheckBox" text="软件启动时自动登录" />
  <control name="CancelBtn" text="关闭(&amp;X)" />
  <control name="LoginBtn" text="登录(&amp;L)" />
  <control name="RegBtn" text="注册(&amp;R)" />
</resourceText>
