﻿<?xml version="1.0" encoding="utf-8" ?>
<Resources>
  <texts>
    <text name="NoTableTextTxt">#</text>
    <!-- 选项///////////////////////////////////////////////////////////////////////-->
    <text name="SoftwareOptionForm">软件选项</text>
    <text name="btnOK">确定(&amp;Y)</text>
    <text name="btnCancel">取消(&amp;C)</text>
    <!-- 环境 -->
    <text name="languageList">当前应用程序的国际化语言(&amp;L)</text>
    <text name="recentList">最近使用的列表中显示的项(&amp;R)</text>
    <text name="revertFileSourceTxt">还原文件关联(&amp;F)</text>
    <text name="startUpTxt">启动时(&amp;P)</text>

    <text name="sitePostion">SimplusD网站位置(&amp;P)</text>

    <text name="showSmallIconTxt">显示小图标(&amp;S)</text>
    <text name="useSiteGuideTxt">启动网站设置向导(&amp;W)</text>
    <text name="createSite">新建网站</text>
    <!-- 设计器 -->
    
    <text name="txtColor">文本颜色</text>
    
    
    <text name="tmpltBorderColor">模块框颜色(&amp;T)</text>
    <text name="containerTempltColor">容器模块框颜色(&amp;C)</text>
    <text name="tmpltCheckedColor">被选择模块框颜色(&amp;S)</text>
    <text name="boxColor">容器模块颜色(&amp;P)</text>
    <text name="staticPartColorTxt">静态模块的颜色(&amp;L)</text>
    <text name="navagationPartColorTxt">导航(频道/栏目)模块的颜色(&amp;N)</text>
    <text name="attributePartColorTxt">定制特性模块的颜色(&amp;O)</text>
    <text name="pathPartColorTxt">面包屑的颜色(&amp;B)</text>
    <text name="designerBackColorTxt">页面片设计器底面颜色(&amp;D)</text>
    
    <text name="foreColorSettingTxt">前景色</text>
    <text name="SnipPageOtherColorTxt">其它</text>
    <text name="pathPartTxt">面包屑型(&amp;R)</text>
    <text name="attributePartForeColorTxt">定制属性型(&amp;I)</text>
    <text name="navagationPartForeColorTxt">导航型(&amp;A)</text>
    <text name="staticPartForeColorTxt">静态型(&amp;E)</text>
    <text name="boxForeColorTxt">容器型(&amp;V)</text>
    
    <text name="selBrushTxt">矩形被选中时显示颜色(&amp;S)</text>
    <text name="lockBrushTxt">矩形被锁定时显示颜色(&amp;L)</text>
    <text name="hasSnipBrushTxt">含有页面片时矩形颜色(&amp;H)</text>
    <text name="hasConSnipBrushTxt">含有正文页面片时矩形颜色(&amp;C)</text>
    <text name="penColorTxt">默认画笔颜色(&amp;P)</text>
    <text name="directLineColorTxt">指示线的颜色(&amp;D)</text>
    <text name="selLinePenColorTxt">选择状态的直线颜色(&amp;G)</text>
    <text name="selingLineColorTxt">待选择状态的直线颜色(&amp;W)</text>
    <text name="lockLinePenColorTxt">锁定状态的直线颜色(&amp;K)</text>
    <text name="selectingRectColorTxt">鼠标划过矩形时的填充色(&amp;F)</text>
    <text name="boldPenTimesTxt">加粗画笔之加粗倍数(&amp;T)</text>
    <text name="autoAdsorbTxt">自动吸附的距离(&amp;I)</text>
    <text name="selectPrecisionTxt">选择对象偏移误差范围(&amp;E)</text>
    <text name="offsetDirectionLineTxt">指示线的绘画的偏移距离(&amp;V)</text>
    <text name="currentPrecisionTxt">当前的偏移量(&amp;M)</text>
    <text name="penSizeTxt">画笔粗度(&amp;B)</text>
    <text name="showRulerTxt">显示标尺(&amp;R)</text>

    <text name="fontTxt">字体(&amp;F)</text>
    <text name="sizeTxt">字号(&amp;S)</text>
    <text name="codeEditTxt">代码编辑视图</text>
    <text name="showLineNum">显示行号(&amp;N)</text>
    <text name="showEOLMarkerTxt">显示行尾标识(&amp;I)</text>
    <text name="showHRulerTxt">显示横向标尺(&amp;H)</text>
    <text name="showVRulerTxt">显示右侧竖线(&amp;V)</text>
    <text name="showViewTxt">默认视图(&amp;V)</text>
    <text name="tecBorderStyleTxt">边框样式(&amp;T)</text>
    <text name="tableBorderColorTxt">鼠标移到表格上方时表格边框的颜色</text>
<!-- 网站属性/////////////////////////////////////////////////////////////////////////-->
    <!-- 
    <text name="SiteBasicData" >网站</text> 
    <text name="SiteOrga" >组织</text>
    <text name="SiteOrgaDept" >组织部门</text>
    <text name="SiteShowItem" >发布</text> 
    <text name="SaveButton" >保存</text>
    <text name="CancelButton" >取消</text> 
    <text name="SiteLinkTxt">网站联系</text>
    <text name="OfficePhoneTxt" >电话(&amp;P)</text>
    <text name="MulityOfficeTxt">(多个电话可以用空格隔开)</text>
    <text name="FaxTxt" >传真(&amp;F)</text>
    <text name="MulityFaxTxt">(多个传真可以用空格隔开)</text>
    <text name="EmailTxt" >Email(&amp;E)</text>    
    -->
    <text name="SiteNameTxt" >网站名称</text>
    <text name="NameOfChinaTxt">中文名字(&amp;C)</text>
    <text name="NameOfEnglishTxt">英文名字(&amp;T)</text>
    <text name="SiteBriefTxt" >网站简介(&amp;I)</text>
    <text name="TagsExtendTxt">网站关键词推广</text>
    <text name="ExtendStronglyTxt" >重点推广(&amp;K)</text>
    <text name="SaleTagsTxt" >主营销售方向关键词:</text>
    <text name="StockTagsTxt" >主营采购方向关键词:</text>
    <text name="ServiceTagsTxt" >主营服务方向关键词:</text>
    <text name="MulityKeywordsTxt">(多个关键字用逗号隔开)</text>
    <text name="OfManagerTxt" >上级组织(&amp;U)</text>
    <text name="OrgaDeptInfoTxt">部门信息</text>
    <text name="SiteManagerInfoTxt">经营信息</text>
    <text name="SiteManagerModelTxt">经营模式(&amp;M)</text>
    <text name="OrgaMagModelTipTxt">(最多选择两种经营方式)</text>
    <text name="IndustryStyleTxt" >行业类型(&amp;S)</text>
    <text name="RegisterFundTxt">注册资金(&amp;B)</text>
    <text name="TenThousandTxt">万</text>
    <text name="BuildTimeTxt">成立时间(&amp;D)</text>
    <text name="RegisterAddressTxt">注册地点(&amp;P)</text>
    <text name="ManagerAddressTxt">经营地址(&amp;A)</text>

    <text name="ArticleBasicFunctionTxt">文章基本功能</text>
    <text name="IsArticleEditorTxt" >显示文章编辑姓名(&amp;T)</text>
    <text name="IsShowChannelNaviTxt" >显示频道导航信息(&amp;N)</text>
    <text name="ShowClosePageTxt">显示关闭该页面(&amp;C)</text>
    <text name="IsArticleDateTxt" >显示文章日期(&amp;D)</text>
    <text name="IsPrintTxt" >显示打印本篇文章功能(&amp;P)</text>  
    <text name="IsPDFTxt" >显示PDF功能(&amp;F)</text>  
    <text name="IsReturnTxt" >在文章页显示返回按钮(&amp;R)</text>  
    <text name="IsEmailTxt" >显示Email发送功能(&amp;E)</text>
    <text name="IsShowArticleSourceTxt" >显示文章来源(&amp;S)</text>

    <text name="ArticleHighFunctionTxt">文章高级功能</text>
    <text name="IsArticleTitleLinkTxt" >文章标题可链接(&amp;L)</text>
    <text name="NewWordSizeTxt">新闻展示的文字大小(&amp;A)</text>
    <text name="faceOfLookArticleTxt">显示浏览文章心情(&amp;M)</text>
    <text name="IsPaginationTxt" >文章可分页(&amp;G)</text>
    <text name="AgreeOpinionTxt">是否支持文章观点(&amp;V)</text>
    <text name="LeaveWordTxt">网友意见留言板(&amp;W)</text>

    <text name="ChannelDateFormatTxt">频道日期格式设置</text>
    <text name="SpaceSymbolTxt">间隔符(&amp;K)</text>
    <text name="PageTagsSpaceSymbolTxt">页面关键字间隔符</text>
    <text name="ConnectSymbolTxt">连接符(&amp;Y)</text>
    <text name="StyleSpaceSymbolTxt">类型间隔符设置</text>
    <text name="StyleSpaceSymbolBriefTxt">(商品类型之间在显示时,所需连接符)</text>
    <text name="ProductPropertyTxt">产品属性</text>
    <text name="ShowNothingTxt">显示空字符(&amp;H)</text>
    <text name="PropertyValueSpaceSymbolTxt">(商品属性名与其值在显示时,所需连接符号)</text>
    <text name="ImageWidthTxt">图片宽度(&amp;I)</text>
    <text name="ImageAutosizeTxt">(为0或为空时,则默认为自动)</text>
    <text name="ImageHeightTxt">图片高度(&amp;J)</text>
    <text name="DeptRecordTxt">部门记录设置</text>
    <text name="DeptRecSpaceSymbolTxt">(部门记录之间的连接符,默认使用"|")</text>
    <text name="ProjectPartTxt">项目进展阶段</text>
    <text name="MoneySymbolTxt">货币符号(&amp;B)</text>
    <text name="DateFormatTxt">日期格式(&amp;O)</text>
    <text name="TimeFormatTxt">时间格式(&amp;U)</text>
    <text name="WeekFormatTxt">星期格式(&amp;Q)</text>
    <text name="FormatTxt">日期格式设置</text>

<!-- 五大窗体需要文本 /////////////////////////////////////////////////////////////-->
    <text name="Pnumber">编号</text>
    <text name="Ptype">类型</text>
    <text name="Plocaus">执行地区(&amp;A)</text>
    <text name="Pmanager">负责人</text>
    <text name="Plink">链    接(&amp;K)</text>
    <text name="Sex">性别要求(&amp;S)</text>
    <text name="Psalary">工资</text>
    <text name="PInlocaus">工作地区(&amp;A)</text>
    <text name="PIncity">市</text>
    <text name="PhireNum">招聘人数(&amp;N)</text>
    <text name="PisHot">急聘</text>
    <text name="Pmany">若干</text>
    <text name="PstartDate">开始日期(&amp;S)</text>
    <text name="PendDate">结束日期(&amp;E)</text>
    <text name="Title">页面标题(&amp;T)</text>
    <text name="WorkExperience">工作经验(&amp;T)</text>
    <text name="WorkProperty">职位性质(&amp;K)</text>
    <text name="Department">部门</text>
    <text name="Description">介绍</text>


    <text name="Condition">资质要求(&amp;Q)</text>
    <text name="ProjectName">项目名称</text>
    <text name="ProjectType">项目类型</text>
    <text name="MoneySource">资金来源(&amp;J)</text>
    <text name="PublicMode">发布方式(&amp;B)</text>
    <text name="StartTime">开标时间(&amp;H)</text>
    <text name="EndTime">截止时间(&amp;E)</text>
    <text name="ReportStartTime">报名时间(&amp;I)</text>
    <text name="ReportEndTime">截止时间(&amp;D)</text>
    <text name="BiddingAddress">开标地点(&amp;W)</text>
    <text name="BiddingPrice">标书价格(&amp;C)</text>
    <text name="BiddingGetMode">领取方式(&amp;S)</text>
    <text name="BiddingFile">标书上传(&amp;O)</text>
    <text name="ProjectIntroduce">项目介绍(&amp;D)</text>
    <text name="BiddingMessage">招标信息</text>
    <text name="TimeMessage">时间信息</text>
    <text name="BiddOtherMessage">其它信息</text>
    <text name="AgentMessage">代理信息(&amp;G)</text>
    <text name="Image">图片加载</text>
    <text name="Biddingtype">招标类型(&amp;Y)</text>
    <text name="Biddingnumber">招标编号(&amp;N)</text>
    <text name="biddingLocation">招标范围(&amp;R)</text>
    <text name="BiddingName">招标标题(&amp;M)</text>
    
    <text name="ProjectMarketAnalysis">市场分析</text>
    <text name="Cost">成本预算(&amp;C)</text>
    <text name="ProjectPartDate">阶段信息</text>

    <text name="LanguageDesire">语言要求(&amp;U)</text>
    <text name="EduLevel">学历要求(&amp;X)</text>
    <text name="ManagerExperience">管理经验</text>
    <text name="Age">年龄范围(&amp;G)</text>
    <text name="DriverLicence">驾驶执照(&amp;R)</text>
    <text name="Evection">出    差(&amp;W)</text>
    <text name="Localism">方言掌握</text>
    <text name="OtherCertificate">其它证书(&amp;B)</text>
    <text name="OtherRequest">其它要求</text>
    <text name="LanguageOtherDesire">附加外语(&amp;Z)</text>
    <text name="hrResume">简历要求</text>
    
    <text name="jobHr">职位描述</text>
    <text name="Productnumber">产品编号(&amp;N)</text>
    <text name="Producttype">产品类型(&amp;Y)</text>
    <text name="TypeNumber">产品型号(&amp;H)</text>
    <text name="PublishName">产品品牌(&amp;G)</text>
    <text name="productDescription">产品介绍(&amp;D)</text>
    <text name="Price">产品价格(&amp;C)</text>
    <text name="Isshop">允许购买(&amp;B)</text>
    <text name="ram">库存情况(&amp;S)</text>

    <text name="Knowledgetype">知识类型(&amp;Y)</text>
    <text name="KnowledgeName">知识标题(&amp;N)</text>

    <text name="baseProperty">基本属性</text>
    <text name="baseProject">项目资料</text>
    <text name="jobName">职位名称(&amp;M)</text>
    <text name="jobType">职位类型(&amp;Y)</text>
    <text name="job">职位:</text>
    <text name="priceRequale">月薪要求(&amp;Q)</text>
    <text name="other">其它待遇(&amp;O)</text>
    <text name="jobDescription">职位描述以及要求(&amp;V)</text>
    <text name="link">联系方式(&amp;L)</text>
    <text name="HrRequare">应聘要求</text>
    <text name="PublicMessage">发布信息</text>
    <text name="PublicTime">发布时间(&amp;P)</text>
    <text name="WorkPlace">工作地点</text>
    
    <text name="ProductName">产品名称(&amp;M)</text>
    <text name="productImage">产品图片(&amp;I)</text>
    <text name="productProprety">产品属性(&amp;P)</text>
    <text name="knowledgeDes">知识介绍(&amp;D)</text>
    <text name="biddingContent">招标内容(&amp;F)</text>
    <text name="baseBidding">招标信息</text>
    <text name="help">在网站属性中设置选择信息</text>
    
    <text name="projectMarketAnalysis">市场前景分析(&amp;P)</text>
    <text name="projectDes">项目介绍(&amp;B)</text>
    <text name="projectPart">项目进展阶段(&amp;I)</text>
    <text name="projectType">项目分类(&amp;Y)</text>
    <text name="projectName">项目名称(&amp;M)</text>
    <text name="projectNumber">项目编号(&amp;N)</text>
    <text name="throwForm">投简历形式</text>
    <text name="resumeMode">投简历形式(&amp;P)</text>
    <text name="Deparement">所属部门(&amp;D)</text>
    <text name="BaseLabel">限100字符</text>
    <text name="BaseLabel2">限20字符</text>
    <text name="BaseLabel3">限50字符</text>
    <text name="BaseLabel4">限5000字符</text>
    <text name="BaseLabel5">限50字符</text>
    <text name="ProductBigImageData">产品大图</text>
    <text name="ProductSmallImageData">产品小图</text>
    <text name="priceTag">元</text>
    

    <!-- 属性面板需要文本 /////////////////////////////////////////////////////////////-->
    <!-- 模板设计器窗体时属性面板所需文本// -->
    <text name="snipName">名称</text>
    <text name="snipType">类型</text>
    <text name="snipID">ID</text>
    <text name="rectWidth">宽度</text>
    <text name="rectHeight">高度</text>
    <text name="rectCss">Css字符串</text>
    <!-- 页面片设计器窗体时属性面板所需文本// -->
    <text name="attributePartName">定制名</text>
    <text name="channelID">频道ID</text>
    <text name="partSrc">引用路径</text>
    <text name="partUrl">超链接</text>
    <text name="partCss">Css字符串</text>
    <text name="partText">显示名</text>
    <text name="partType">类型</text>
    <text name="partMultiLine">显示高度倍数</text>

    <!-- 工具箱 所需文本// -->
    <text name="partUrlByname">超链接别名</text>
    <text name="pageTitleByName">标题别名</text>
    <text name="Content">文章正文</text>
    <text name="pageAuthor">作者</text>
    <text name="pageSummary">摘要</text>
    <text name="inchannel">所属频道</text>
    <text name="keyWords">关键字</text>
    <text name="BaseTitle">标题</text>
    <text name="getResumeMode">简历形式(&amp;J)</text>
  </texts>
</Resources>
