﻿<?xml version="1.0" encoding="utf-8"?>
<root>
  <button text ="选择"  name ="choose" imageurl ="tmpltStrip.select" tool_tip_text ="选择工具 (V)" drawtype ="2" />
  <button text ="选择矩形"  name ="chooseRect" imageurl ="tmpltStrip.selectRect" tool_tip_text ="选择页面片 (R)" drawtype ="3"/>
  <button text ="选择线段"  name ="chooseLine" imageurl ="tmpltStrip.selectLine" tool_tip_text ="选择线段 (L)" drawtype ="4" />
  <separator />
  <button text ="画笔"  name ="pen" imageurl ="tmpltStrip.drawPen" tool_tip_text ="画线工具 (B)" drawtype ="1"/>
  <button text ="删除"  name ="deleteLine" imageurl ="tmpltStrip.delete" tool_tip_text ="删除线段 (E)" drawtype ="10" />
  <separator />
  <button text ="抓手"  name ="hand" imageurl ="tmpltStrip.move" tool_tip_text ="抓手工具 (D)" drawtype ="5" />
  <button text ="缩放"  name ="zoom" imageurl ="tmpltStrip.zoom" tool_tip_text ="缩放工具 (Z)" drawtype ="6" />
  <separator />
  <button text ="Css设置" name="cssSetup" imageurl ="tmpltStrip.css" tool_tip_text="Css设置 (Alt+Enter)" drawtype ="7"/>
  <separator />
  <button text ="改变底面背景" name="backImgSetup" imageurl ="tmpltStrip.css" tool_tip_text="改变底面背景" drawtype ="8"/>
</root>