﻿<?xml version="1.0" encoding="utf-8"?>
<Resources>
  <Texts>
    <enum name="DesignerOpenType">
      <text name ="Design">设计视图</text>
      <text name ="Code">代码视图</text>
      <text name ="Spliter">拆分视图</text>
    </enum>
    <enum name="BorderStyle">
      <text name="Fixed3D">三维边框</text>
      <text name="FixedSingle">单行边框</text>
      <text name="None">无边框</text>
    </enum>
    <enum name="EnumRulerScaleStyle">
      <text name="Pixel">像素</text>
      <text name="Inch" >英尺</text>
      <text name="CM" >厘米</text>
      <text name="MM" >毫米</text>
      <text name="Percent">百分比</text>
    </enum>
    <enum name="PageType">
      <text name="None">无</text>
      <text name="General">普通型</text>
      <text name="Product">产品型</text>
      <text name="Project">项目型</text>
      <text name="InviteBidding">招标型</text>
      <text name="Knowledge">知识型</text>
      <text name="Hr">招聘型</text>
      <text name="Home">首页型</text>
    </enum>
    <enum name="SequenceType">
      <text name="None">无</text>
      <text name="Recent">按时间排序</text>
      <text name="CustomKeyWord">自定义关键字匹配排序</text>
      <text name="AutoKeyWord">自动根据关键字匹配排序</text>
    </enum>
    <enum name="FindType">
      <text name="RegEx">正则表达式</text>
      <text name="Wildcard">通配符</text>
    </enum>
    <enum name="FindScope">
      <text name="CurrentForm">当前窗口</text>
      <!--<text name="CurrentSelection">当前选中的部分</text>-->
      <text name="AllOpenForm">所有打开的窗口</text>
      <!--<text name="CurrentChannel">当前频道</text>-->
      <text name="WholeChannels">整个网站</text>
    </enum>
    <enum name="FindTargetType">
      <text name="Normal">默认全部</text>
      <text name="Tmplt">模板类型</text>
      <text name="Snip">页面片类型</text>
      <text name="Page">页面类型</text>
    </enum>
  </Texts>
</Resources>