﻿<?xml version="1.0" encoding="utf-8" ?>
<config>
  <image file="pad.img.resources"></image>
  <image file="menuicon.resources"></image>
  <image file="tree.img.resources"></image>
  <image file="htmldesigner.icon.resources"></image>
  <image file="mainicon.resources"></image>
  <image file="page.img.resources"></image>
  <image file="tree.toolstrip.resources"></image>
  <image file="selectResources.resources"></image>
  <image file ="fontform.img.resources"></image>
  <image file ="sdsite.img.resources"></image>
</config>