<?xml version="1.0" encoding="UTF-8"?>
<!--菜单栏字符 ｜｜｜text菜单名称，hotkey热键shortcut快捷键,isToolbar是否有相应的工具栏显示toolbarOwer工具栏类型ico图标路径-->
<MainMenu>
  <file text="文件"
        hotkey="F"
        toolbarOwner="standard">
    <newFile text="新建文件">
      <tmplt text="模板">
        <index text="索引模板"></index>
        <general text="普通模板"></general>
        <hr text="招聘模板"></hr>
        <inviteBidding text="招标模板"></inviteBidding>
        <knowledge text="知识模板"></knowledge>
        <product text="产品模板"></product>
        <project text="项目模板"></project>
      </tmplt>
      <page text="页面">
        <index text="索引页面"></index>
        <general text="普通页面"></general>
        <hr text="招聘页面"></hr>
        <inviteBidding text="招标页面"></inviteBidding>
        <knowledge text="知识页面"></knowledge>
        <product text="产品页面"></product>
        <project text="项目页面"></project>
      </page>
    </newFile>
    <new text="新建项目"
         hotkey="N"
         shortcut="Ctrl+Shift+N"
         isToolbar="1"/>
    <open text="打开项目"
          hotkey="O"
          shortcut="Ctrl+O"
          isToolbar="1" />
    <close text="关闭"
           hotkey="C"
           isToolbar="1"/>
    <closeProj text="关闭项目"
               hotkey="T"
               />
    <Separator />
    <save text="保存"
          hotkey="S"
          shortcut="Ctrl+S"
          isToolbar="1" />
    <saveAll text="全部保存"
             hotkey="L"
             shortcut="Ctrl+Shift+S"
             isToolbar="1" />
    <Separator />
    <preview text="预览"
             hotkey="P"
             shortcut="F5"
             isToolbar="1" />
    <pub text="发布"
         hotkey="B"
         shortcut="F6"
         isToolbar="1" />
    <opennet text="浏览远程"
             hotkey="M"
             shortcut="F7" />
    <Separator />
    <!--<print text="打印" hotkey="P" shortcut="Ctrl+P" isToolbar="1" />
    <Separator />
    <batchBuild text="网站批量生成" hotkey="B" isToolbar="0" more="1" />
    <fromDataBuild text="从用户数据生成" hotkey="D" isToolbar="0" more="1" />
    <fromThemeBuild text="从主题包生成" hotkey="T" isToolbar="0" more="1" />
    <Separator />-->
    <!--<recentFile text="最近关闭的文件" hotkey="E" recent="file"/>-->
    <recentProj text="最近打开的项目"
                hotkey="J"
                recent="project"/>
    <Separator />
    <exit text="退出"
          hotkey="X"
          shortcut="Ctrl+Q" />
  </file>
  <edit text="编辑"
        hotkey="E"
        toolbarOwner="standard">
    <undo text="撤消"
          hotkey="U"
          shortcut="Ctrl+Z"
          isToolbar="1" />
    <redo text="重复"
          hotkey="R"
          shortcut="Ctrl+Y"
          isToolbar="1" />
    <Separator />
    <cut text="剪切"
         hotkey="T"
         shortcut="Ctrl+X"
         isToolbar="1" />
    <copy text="复制"
          hotkey="C"
          shortcut="Ctrl+C"
          isToolbar="1" />
    <paste text="粘贴"
           hotkey="P"
           shortcut="Ctrl+V"
           isToolbar="1" />
    <delete text="删除"
            hotkey="V"
            shortcut="Delete"
            isToolbar="1" />
    <Separator />
    <selectAll text="全选"
               hotkey="A"
               shortcut="Ctrl+A" />
    <Separator />
    <find text="查找" hotkey="F" shortcut="Ctrl+F" more="1" isToolbar="1" />
    <replace text="替换" hotkey="F" shortcut="Ctrl+H" more="1" />
    <findNext text="查找下一个" hotkey="R" shortcut="F3" />
    <Separator />
    <!--<shortcuts text="键盘快捷键" hotkey="U" more="1" />-->
    <option text="首选项"
            hotkey="U"
            shortcut="Ctrl+U"
            more="1" />
  </edit>
  <view text="视图"
        hotkey="V"
        toolbarOwner="standard">
    <wizard text="工具箱"
            hotkey="W"
            shortcut="Ctrl+W"
            isToolbar="1" />
    <property text="属性窗口"
              hotkey="P"
              shortcut="Ctrl+Q"
              isToolbar="1" />
    <result text="查找结果"
             hotkey="R"
             shortcut="Ctrl+R"
             isToolbar="1" />
    <siteManager text="网站管理器"
                 hotkey="S"
                 shortcut="Ctrl+Alt+S"
                 isToolbar="1" />
    <previewPad text="页面片预览窗口"
                 hotkey="V"
                 shortcut="Ctrl+Alt+V"
                 isToolbar="1" />
    <Separator />
    <toolBar text="工具栏"
             hotkey="T">
    </toolBar>
    <fullScreenShow text="隐藏所有面板"
                    hotkey="H"
                    shortcut="F4" 
                    isToolBar="1"/>
  </view>
  <!--
  <cooperation text="协同" hotkey="">
    <svn hotkey="L" shortcut="Ctrl+Shift+S" isToolbar="1" toolbarOwner="standard" />
    <designAuth text="设计权限" hotkey="L" shortcut="Ctrl+Shift+S" isToolbar="1" toolbarOwner="standard" />
  </cooperation>
  -->
  <site text="网站"
        hotkey="S"
        toolbarOwner="site"
        isMustOpenSite="True">
    <!--<authManager text="项目权限管理" hotkey="P" more="1" isToolbar="1" />
    <tagManager text="网站关键字管理" hotkey="K" shortcut="Ctrl+K" more="1" isToolbar="1" />
    <Separator />
    <AdManager text="网站推广管理" hotkey="K" shortcut="F9" more="1" isToolbar="1" />
    <Separator />
    <backUpToFile text="备份为文件" hotkey="B" more="1" />
    <backUpToServer text="备份到服务器" hotkey="T" more="1" />
    <Separator />
    <exportTheme text="导出网站设计" hotkey="E" more="1" isToolbar="1" />
    <Separator />-->
    <Manager text="页面管理"
                    hotkey="P"
                    shortcut="Ctrl+Alt+M"
                    more="1"
                    isToolbar="1" />
    <!--<projectManager text="项目信息管理"
                    hotkey="R"
                    shortcut="Ctrl+Alt+R"
                    more="1"
                    isToolbar="1" />
    <knowManager text="知识信息管理"
                 hotkey="W"
                 shortcut="Ctrl+Alt+W"
                 more="1"
                 isToolbar="1" />
    <jobManager text="招聘信息管理"
                hotkey="J"
                shortcut="Ctrl+Alt+N"
                more="1"
                isToolbar="1" />
    <inviteBiddingManager text="招标信息管理"
                          hotkey="I"
                          shortcut="Ctrl+Alt+B"
                          more="1"
                          isToolbar="1" />-->
    <!--<researchManager text="用户调查信息管理"
                     hotkey="K"
                     shortcut="Ctrl+Alt+V"
                     more="1"
                     isToolbar="1" />-->
    <Separator />
    <!--<siteReport text="网站报告" hotkey="R" more="1" />-->
    <siteProperty text="网站属性"
                  hotkey="O"
                  shortcut=""
                  more="1" />
  </site>
  <!--<page text="页面"
        hotkey="P"
        toolbarOwner="page"
        isMustOpenSite="True">
    <addPage text="添加页面"
             hotkey="N"
             shortcut="Ctrl+N"
             more="1"
             isToolbar="1" />
    <Separator />
    --><!--<contentAD text="内容推广管理" hotkey="C" shortcut="F10" more="1" isToolbar="1" />
    <Separator />--><!--
    --><!--<choiceTmplt text="更换模板"
                 hotkey="T"
                 shortcut=""
                 more="1"
                 isToolbar="1" />--><!--
    --><!--<expandInsert text="扩展插入" hotkey="X" expand="1" />
    <expandInsertHtml text="扩展插入Html" hotkey="H" expand="1" />--><!--
    --><!--<insert text="插入"
            hotkey="I">
      <image hotkey="P"
             text="图像">
        <image text="图像"
               hotkey="I"
               shortcut="Ctrl+Shift+I"
               more="1" />
        <picPlace hotkey="Z"
                  text="图像占位符"
                  more="1" />
        <changePic hotkey="C"
                   text="变换图像"
                   more="1" />
      </image>
      <flash text="Flash"
             hotkey="F">
        <flash text="Flash"
               hotkey="F"
               shortcut="Ctrl+Shift+F"
               more="1" />
        <flashText hotkey="W"
                   text="Flash文字"
                   more="1" />
        <flashBtn hotkey="B"
                  text="Flash按钮"
                  more="1" />
      </flash>
      <table hotkey="T"
             text="表格">
        <insertTable text="表格"
                     hotkey="T"
                     shortcut="Ctrl+Shift+T"
                     more="1">
        </insertTable>
        <importTable text="导入数据表格"
                     hotkey="D"
                     more="1" />
        <Separator />
        <insertTopRow text="之上插入行"
                      hotkey="T" />
        <insertUnderRow text="之下插入行"
                        hotkey="U" />
        <insertLeftColumn text="左侧插入列"
                          hotkey="L" />
        <insertRightColumn text="右侧插入列"
                           hotkey="R" />
      </table>
      <hypeLink hotkey="H"
                text="超级链接"
                more="1" />
      <emailLink hotkey="E"
                 text="Email链接"
                 more="1" />
      <mediaFile text="多媒体文件"
                 hotkey="M"
                 more="1" />
      <anchorSign hotkey="A"
                  text="锚标记"
                  more="1" />
      <dateTime hotkey="D"
                text="日期与时间"
                more="1" />
      <siteInfo text="网站信息"
                hotkey="S"
                more="1" />
      <htmlTag text="Html标签"
               hotkey="G"
               more="1" />
    </insert>--><!--
    --><!--<Separator />--><!--
    <contentProperty text="页面属性"
                     hotkey="P"
                     shortcut=""
                     more="1">
    </contentProperty>
  </page>
  <tmplt text="模板"
         hotkey="T"
         toolbarOwner="tmplts"
         isMustOpenSite="True">
    <addTmplt text="添加模板"
              hotkey="A"
              shortcut="Ctrl+M"
              isToolbar="1" />
    --><!--<importTmplt text="导入模板" hotkey="I" shortcut="" more="1" isToolbar="1" />--><!--
    --><!--<Separator />--><!--
    --><!--<snipSet text="页面片设置" hotkey="T">
      <titileSnip text="标题列表类" hotkey="A" shortcut="Ctrl+T" />
      <articleSnip text="文章正文类" hotkey="C" shortcut="Ctrl+I" />
      <navigation text="导航类" hotkey="N" shortcut="">
      </navigation>
      <mediaSnip text="多媒体类" hotkey="M" shortcut="" />
      <productListSnip text="产品列表类" hotkey="P" shortcut="" />
      <productShowSinp text="产品展示类" hotkey="S" shortcut="" />
      <relativeLink text="相关链接" hotkey="L" shortcut="Ctrl+L" />
      <Separator />
      <userLogin text="网站用户登录" hotkey="E" shortcut="" />
      <insideLogin text="内部登录" hotkey="R" shortcut="" />
      <articleComment text="文章评论" hotkey="J" shortcut="" />
      <forum text="论坛" hotkey="F" shortcut="" />
    </snipSet>
    <Separator />
    <snipProprety text="页面片属性" hotkey="P" shortcut="" more="1" />--><!--
  </tmplt>-->
  <!--<report text="报告" hotkey="R" toolbarOwner="report" isMustOpenSite="True">
    <Separator />
    <ADStat text="推广统计" hotkey="A" shortcut="Ctrl+Alt+A" isToolbar="1" />
    <tagStat text="关键字统计" hotkey="T" shortcut="Ctrl+Alt+K" isToolbar="1" />
    <pvStat text="页面访问统计" hotkey="P" shortcut="Ctrl+Alt+P" isToolbar="1" />
    <Separator />
    <financeReport text="财务报告" hotkey="F" shortcut="Ctrl+R" isToolbar="1" />
  </report>-->
  <window text="窗口"
          hotkey="W">
    <!--<hidden text="全部隐藏" hotkey="H" shortcut="F4" />-->
    <!--<float text="浮动" hotkey="F" shortcut="" />-->
    <resetWindowLayout text="重置窗口布局"
                       hotkey="W"
                       shortcut="Ctrl+Alt+W"
                       />
    <closeAllWindow text="关闭所有窗口"
                       hotkey="A"/>
  </window>
  <user text="用户"
        hotkey="U"
        toolbarOwner="user">
    <login text="用户登录"
           hotkey="L"
           shortcut="Ctrl+Alt+L"
           more="1"
           isToolbar="1"
           link="http://jeelu.com/sd_user/login.htm"/>
    <switch text="用户切换"
            hotkey="S"
            shortcut="Ctrl+Alt+S"
            more="1"
            isToolbar="1"
            link="http://jeelu.com/sd_user/login.htm"/>
    <register text="用户注册"
              hotkey="R"
              more="1"
              isToolbar="1"
              link="http://jeelu.com/sd_user/reg.htm"/>
    <logout text="用户退出"
              hotkey="L"
              more="0"
              isToolbar="0"/>
    <!--<Separator />-->
    <!--<property text="用户属性"
              hotkey="P"
              shortcut=""
              more="1"
              isToolbar="1"
              link="http://192.168.1.190/user/modify.htm" />-->
  </user>
  <!--<community text="社区" hotkey="C" toolbarOwner="community">
    <sendShareThemes text="上传共享主题包" hotkey="S" more="1" isToolbar="1" />
    <updateThemes text="更新主题库" hotkey="S" isToolbar="1" />
    <Separator />
    <question text="提出问题" hotkey="P" more="1" />
    <checkQuestionState text="检查问题状态" hotkey="C" more="1" />
    <sendIdea text="发送反馈意见" hotkey="S" more="1" />
    <Separator />
    <SimplusDDirection text="SimplusD趋势" hotkey="D" />
    <designerArea text="设计师社区" hotkey="A" shortcut="Ctrl+Alt+C" isToolbar="1" />
  </community>-->
  <help text="帮助"
        hotkey="H"
        toolbarOwner="help">
    <help text="帮助"
          hotkey="H"
          shortcut="F1"
          isToolbar="1" />
    <Separator />
    <!--<checkUpdate text="检查更新" hotkey="U" shortcut="Ctrl+Shift+U" more="1" />
    <Separator />-->
    <httpJeelu text="www.Jeelu.com"
               hotkey="E"
               shortcut="Ctrl+Alt+J"
               link="http://www.jeelu.com" />
    <!--<aboutJeelu text="关于Jeelu"
                hotkey="J"
                 />-->
    <aboutSimplusD text="关于SimplusD!"
                   hotkey="A"
                   isToolBar="1"/>
  </help>
</MainMenu>