﻿<?xml version="1.0" encoding="UTF-8"?>
<Text>
  <SimplusD name="Jeelu SimplusD!" rootChannelName="网站" projectTypeSite="网站" all="全部">
    <mainMenu hasNotRecentProject="空" hasNotRecentFile="空" clearRecentProject="清空记录"
        deleteNotExistsFileTip="此文件已不存在，是否删除列表中的路径？" 
        clearTip="是否确定清空所有记录？"/>
    <formClosingTitleFormat text="保存文件“{0}”的更改吗？" />
  </SimplusD>
  <Pad>
    <Wizard text="工具箱" baseText="常规" snipText="特殊页面片选项">
    </Wizard>
    <Preview text="页面片预览"></Preview>
    <Property text="属性">
    </Property>
    <SiteManager text="网站管理器">
    </SiteManager>
    <TmpltView text ="模板视图">
    </TmpltView>
    <Results text="查找结果"></Results>
  </Pad>
  <ContextMenu>
    <Pad>
      <GotoTempletChannel text="模板频道">
      </GotoTempletChannel>
    <GotoPageChannel text="页面频道">
      </GotoPageChannel>
      <Reload text="刷新">
      </Reload>
      <Expand text="展开">
      </Expand>
      <Collapse text="折叠">
      </Collapse>
      <ExpandAll text="全展开">
      </ExpandAll>
      <CollapseAll text="全折叠">
      </CollapseAll>
      <GotoFile text="定位到...">
      </GotoFile>
      <Import text="导入">
      </Import>
      <Add text="添加">
      </Add>
      <CreateTmplt text="新建模板...">
      </CreateTmplt>
    </Pad>
  </ContextMenu>
  <General>
    <OK text="确定" />
    <Cancel text="取消" />
  </General>
  <Tree>
    <MyTreeMenu open="打开" view="查看" copy="拷贝" cut="剪切"
                paste="粘贴" delete="删除" rename="重命名" remove="移除"
                property="属性" recover="还原" setAsDefaultTmplt="设为默认模板"
                selectTmplt="选择模板" clearAll="清空回收站" addToFavorite="添至收藏夹"
                gotoFile="定位到文件" removeFormFavorite="移出收藏夹" importResource="导入资源文件"
                addFolder="文件夹"  tmpltCopyAs="复制为..."  setAsIndexPage="设为主页"
                new="添加"   manage="管理"
                newLang="语言频道" newChannel="频道" productChan="产品频道" knowledgeChan="知识频道" 
                InviteBiddingChan="招标频道" HRChan="招聘频道" projectChan="项目频道"
                newPage="普通页面" productPage="产品页面" knowledgePage="知识页面" 
                inviteBiddingPage="招标页面" HRPage="招聘页面" projectPage="项目页面"
                homePage="索引页面"
                newTmplt="普通模板" homeTmplt="索引模板" productTmplt="产品模板" knowledgeTmplt="知识模板" 
                inviteBiddingTmplt="招标模板" HRTmplt="招聘模板" projectTmplt="项目模板"
                gotoTarget="转到目标处" clearFavorite="清空收藏夹" gotoCorelationTmplt="转到关联的模板处"
                clearPublishInfo="清除发布信息"
                ></MyTreeMenu>    
    <TmpltTreeMenu gotoCSS="定位到CSS"
    ></TmpltTreeMenu>
    <msg nosnipfile="没有生成对应的页面片文件,不能打开!" toRecycleBin="您确定要将此项放入回收站吗?" 
         delete="您确定要删除此项吗?" ok="确定" isExistsSameFile="已存在同名文档!"
         coverFile="存在同名文件,是否覆盖?"></msg>
    <title langchan="语言频道"  channel="频道" tmplt="模板" page="页面" snip="页面片"
           folder="文件夹"></title>
    <CallBackStation text="回收站">
    </CallBackStation>
    <Msg samefolder="无法移动。目标路径与源路径相同。">
    </Msg>
  </Tree>
  <ResourceManage HighSetting="高级设置">
    </ResourceManage>
  <pageproperty caption="页面属性" appearance="外观">
  </pageproperty>
  <HTMLToolStripText>
    <buttontext design="设计" code="HTML" Split="拆分" table="表格" img="图片" flash="Flash" audio="音频" media="视频" email="邮件" link="链接" date="日期" hr="线" titlelabel="标题:" titletextbox="无标题文档">
    </buttontext>
    <menuitemtext br="换行" nbsp="不换行空格" L_quotation_marks="左引号" R_quotation_marks="右引号" dash="破折号" pound="英镑符号" Eurocurrency="欧元符号" yen="日元符号" copyright="版权" reg_trad_mark="注册商标" brand="商标" osign="其他符号">
    </menuitemtext>
  </HTMLToolStripText>
  <TablepropertyPanel>
    <row text="行">
    </row>
    <col text="列">
    </col>
    <hight text="高">
    </hight>
    <width text="宽">
    </width>
    <bgcolor text="背景颜色">
    </bgcolor>
    <bordercolor text="边框颜色">
    </bordercolor>
    <bgpic text="背景图片">
    </bgpic>
    <browserbutton text="浏览">
    </browserbutton>
    <useclass text="类">
    </useclass>
    <fill text="填充">
    </fill>
    <space text="间距">
    </space>
    <border text="边框">
    </border>
    <align text="对齐">
    </align>
    <unit unitpx="像素" unitper="百分比">
    </unit>
    <captionalign default="默认" left="左对齐" center="中间对齐" right="右对齐">
    </captionalign>
  </TablepropertyPanel>
  <ImagepropertyPanel>
    <label height="高" width="宽" resourcefile="源文件" linkfile="链接文件" replace="替换" useclass="类" vspace="垂直间距" hsapce="水平间距" border="边框" align="对齐">
    </label>
    <unit unitpx="像素" unitper="百分比">
    </unit>
    <Align Default="默认值" BaseLine="基线" Top="顶端" Middle="居中" Bottom="底部" TextTop="文本上方" AbsoluteMiddle="绝对居中" AbsoluteBottom="绝对底部" Left="左对齐" Right="右对齐">
    </Align>
  </ImagepropertyPanel>
  <TextpropertyPanel>
    <label format="格式" font="字体" style="样式" size="大小" link="链接" tag="目标" tip="添加新列表">
    </label>
    <fontname default="默认字体" editfontlist="编辑字体列表..." err="选择的字体列表无效！点击〈确定〉继续">
    </fontname>
    <fontsize>
    </fontsize>
    <celllabel halign="水平" valign="垂直" width="宽" height="高" background="背景" bgcolor="背景色" border="边框">
    </celllabel>
    <Halign default="默认" left="左对齐" center="居中对齐" right="右对齐">
    </Halign>
    <valign default="默认" top="顶端" center="居中" button="底端" baseline="基线">
    </valign>
    <format none="无" paragraph="段落" h1="标题1" h2="标题2" h3="标题3" h4="标题4" h5="标题5" h6="标题6" pre="预先格式化的">
    </format>
    <size none="无" t9="9" t10="10" t12="12" t14="14" t16="16" t18="18" t24="24" t36="36" xxsmall="极小" xsmall="特小" small="小" medium="中" large="大" xlarge="特大" xxlarge="极大" smaller="较小" larger="较大">
    </size>
    <sizeunit px="px" pt="pt" in="in" cm="cm" mm="mm" pc="pc" em="em" ex="ex" per="%">
    </sizeunit>
    <style none="无" g="----------" rename="重命名" add="附加样式表">
    </style>
    <button pagepro="页面属性...">
    </button>
  </TextpropertyPanel>
  <DesigncontextMenuStrip>
    <base copy="复制" cut="剪切" paste="粘贴" viewsource="查看源代码" text="查看原码">
    </base>
    <insert insbookmark="创建书签" insimg="插入图片" inslink="创建超链接">
    </insert>
    <property fontpro="字体属性" listpro="列表属性" phgpro="图像属性" pagepro="页面属性">
    </property>
    <table tb="表格" delcol="删除列" delrow="删除行" insrow="插入行" inscol="插入列" tds="拆分单元格" tdm="合并单元格" tbo="其他操作">
    </table>
    <image imgpro="图片属性">
    </image>
    <flash activepro="Active控件属性">
    </flash>
    <hyperlink hyperlinkpro="超链接属性">
    </hyperlink>
    <line linepro="直线属性">
    </line>
  </DesigncontextMenuStrip>
  <CodecontextMenuStrip>
    <ccp copy="复制" cut="剪切" paste="粘贴">
    </ccp>
    <unredo undo="取消上一步" redo="重做上一步">
    </unredo>
    <findreplace find="查找" replace="查找与替换">
    </findreplace>
    <select text="全选">
    </select>
  </CodecontextMenuStrip>
  <table>
    <unit unitpx="像素" unitper="百分比">
    </unit>
    <captionalign top="上对齐" bottom="下对齐" left="左对齐" right="右对齐">
    </captionalign>
  </table>
  <image>
    <unit unitpx="像素" unitper="百分比">
    </unit>
    <align Default="默认值" BaseLine="基线" Top="顶端" Middle="居中" Bottom="底部" TextTop="文本上方" AbsoluteMiddle="绝对居中" AbsoluteBottom="绝对底部" Left="左对齐" Right="右对齐">
    </align>
  </image>
  <flash>
    <FlashAlign Default="默认值" BaseLine="基线" Top="顶端" Middle="居中" Bottom="底部" TextTop="文本上方" AbsoluteMiddle="绝对居中" AbsoluteBottom="绝对底部" Left="左对齐" Right="右对齐">
    </FlashAlign>
    <FlashQuality Hight="高品质" Low="低品质" AutoHight="自动高品质" AutoLow="自动低品质">
    </FlashQuality>
    <scale default="默认(全部显示)" noborder="无边框" match="严格匹配">
    </scale>
    <unit unixpx="像素" unitper="%">
    </unit>
    <label width="宽" height="高" path="路径" vspace="垂直间距" quality="品质" scale="比例" hspace="水平间距" align="对齐" bgcolor="背景色" useclass="类">
    </label>
    <checkboxtext loop="循环" autoplay="自动播放">
    </checkboxtext>
  </flash>
  <date>
    <caption text="插入日期">
    </caption>
    <label day="星期格式:" date="日期格式:" time="时间格式:">
    </label>
    <button ok="确定" cancel="取消" help="帮助">
    </button>
    <checkbox text="存储时自动更新">
    </checkbox>
    <dayformat f0="[不要星期]" f1="星期日," f2="星期日" f3="Sunday," f4="Sun,">
    </dayformat>
    <timeformat f0="[不要时间]" f1="11:18 PM" f2="23:18">
    </timeformat>
    <dateformat f0="98/9/8" f1="1998年9月8日," f2="09/08/1998" f3="9/9/98" f4="1998-09-08" f5="8/9/98" f6="8/09/98" f7="08.09.1998" f8="08.09.98" f9="8-09-1998">
    </dateformat>
  </date>
  <line>
    <unit unitpx="像素" unitper="百分比">
    </unit>
    <align default="默认" left="左对齐" middle="居中对齐" right="右对齐">
    </align>
    <checkboxtext text="阴影">
    </checkboxtext>
    <lable width="宽" height="高" heightunit="像素" align="对齐" useclass="类">
    </lable>
  </line>
  <email title="邮件" groupboxtext="电子邮件链接" caption="文本" subject="内容" okbtn="确定" cancelbtn="取消">
  </email>
  <tmpltDesign>
    <newTmplt>
      <type general="普通型" home="索引型" hr="招聘型" product="产品型" project="项目型" knowledge="知识型" inviteBidding="招标型" />
    </newTmplt>
    <ruler>
      <contextMenu pixel="像素x" inch="英尺" cm="厘米" mm="毫米x" percent="百分比x">
      </contextMenu>
    </ruler>
    <DrawPanel>
      <contextMenu zoomIn="放大" zoomOut="缩小" initZoom ="实际大小" undo="撤销" redo="重做" deleteLine="删除直线"
           mergeRect="合并矩形" partRect="分割矩形" lockRect="锁定矩形" disLockRect="解开锁定矩形" 
          hideRuler="隐藏标尺"  useCurrentImg="使用当前背景"  copySnipData="复制页面片数据" pasteSnipData="粘贴页面片数据" 
          snipPerperty="页面片属性" pixel="像素x" cannot_undo="不能撤销" cannot_redo="不能重做"
          seleteSnip="删除页面片" curRectProperty ="Css属性" tmpltProperty ="模板属性" 
          webPageProperty ="页面属性" cssProperty ="页面Css属性"  cutCurrentBackImg="截取当前底面背景"
                   cutCurrentBackImgFormOrderText="输入图片名称:" />
      <message deleteSnip="页面片一旦删除将不可恢复！" />
    </DrawPanel>
    <tmpltDrawPanel>
      <newSnipForm contentText ="正文"/>
      <mergeForm  />
      <cssSetupFormType part="模块" snip="页面片" tmplt="模板"  webPage="页面"/>
      <cssSetupFormText part="模块Css设置" snip="页面片Css设置" tmplt="模板Css设置"  webPage="页面Css设置"/>
      <message mdiFormLoad="文件不存在，打开失败！" hasNoneSnip="这部分不包含页面片内容！" hasLockedRect="选定的矩形中有被锁定或包含数据的！" hasContentSnip="当前模板已经包含了一个正文型的页面片！" />
    </tmpltDrawPanel>
    <partRect>
      <error partNum="分割矩形数超出了分割范围，请重新输入！" />
    </partRect>
  </tmpltDesign>
  <snipDesign>
    <messageBox hasnoBoxOrListPart="当前选择的部分没有容器型或列表型！" hasnoBoxPart="当前选择的部分没有容器型！" hasAutoKeyWors="所属的模板已经使用了这种排序方式！"/>
    <text formText ="页面模块设计器_" staticPartText ="静态" attributePartText="定制特性" 
          listBoxPartText="列表模式" listPartText="列表" navigationBoxPartText="导航条" 
          navigationPartText="导航" pathPartText="面包屑" box="布局容器"/>
    <contextMenu selectItem="选择" unSelectItem="取消选择" deleteItem="删除" editItem="编辑选定的模块" cssSetupItem="选定模块的Css设置"></contextMenu>
    <formInfo>
      <editChannelPart treeViewToolTipText="选中后双击进入高级设置" />
    </formInfo>  
  </snipDesign>
  <cssDesign>
    <border auto="自动" thin="粗" medium="中" thick="细" />
    <cssForm modelPanelAllSame="全部相同" setupErroe="设置的值有错误！"/>    
  </cssDesign>
  <closeAllWindowSaveOption>
    <form title="关闭提示" buttonYes="是(&amp;Y)" buttonAllYes="全是" buttonNo="否(&amp;N)" buttonAllNo="全否" buttonCancel="取消" />
  </closeAllWindowSaveOption>
  <department name="部门" deptList="部门列表(&amp;L):" deptName="部门名称(&amp;E):" deptDuty="职务(&amp;Y):" linkMan="联系人(&amp;W):" sex="性别(&amp;X):" officePhone="办公电话(&amp;O):" mobelPhone="移动电话(&amp;V):" fax="传真(&amp;F):" msn="MSN(&amp;H):" email="Email(&amp;G):" address="通讯地址(&amp;Z):" post="邮政编码(&amp;J):" deptLink="部门的联系方式" btnAdd="添加(&amp;N)" btnDel="删除(&amp;Q)"></department>
  <user>
    <login successInfo="登录成功!" url="http://jeelu.com/sd_user/login.htm"/>
    <register successInfo="注册成功!" url="http://jeelu.com/sd_user/reg.htm"/>
    <property url="http://192.168.1.190/user/modify.htm"/>
  </user>
  <hrInfo unName ="未命名"/>
  <titleName tmplt="模板" page="页面" channel="频道" folder="文件夹" productPage="商品页面" hrPage="招聘页面" inviteBiddingPage="招标页面" knowledgePage="知识页面" projectPage="项目页面"></titleName>
  <cutOrCopyError error="此文件夹以存在，请重命名"></cutOrCopyError>
  <tagError error="重复的页面提示"></tagError>
  <productPage add="添加" modify="修改" del="删除" up="上移" down="下移" choseGroup="选择组" image="图片"></productPage>
  <siteProperty Name="网站属性" SiteBasicData="网站" SiteOrga="组织" SiteOrgaDept="组织部门" SiteShowItem="发布" btnSave="保存" btnReSet="关闭"></siteProperty>
  <option buttonTip="已恢复所有文件关联!"></option>
  <tmpltDesignTip drawPanel="当前要分割的矩形已经被锁定(或含有页面片)!" deleteLine="存在不能被删除之直线!" recMerge="存在锁定或所选矩形无法完成合并！" loadPic="请先加载图片！"></tmpltDesignTip>
</Text>