﻿<?xml version="1.0" encoding="utf-8"?>
<options saveTime="2008-7-3 1:05:53">
  <option name="General" text="环境">
    <items name="General" text="常规">
      <subItem name="recentUseItem"><![CDATA[8]]></subItem>
      <subItem name="startInterfaceState"><![CDATA[showStartPage]]></subItem>
      <subItem name="applicationLanguage"><![CDATA[chs]]></subItem>
    </items>
    <!-- 
    <items name="StartUp" text="启动" >
      <subItem name="startInterfaceState" ><![CDATA[showStartPage]]></subItem>
    </items>
    -->
    <!-- 工具箱-->
    <!-- 网站管理器-->
    <!-- 属性-->
    <!-- 页面片预览-->
    <!-- 
    <items name="View" text ="视图">
      <subItem name=""><![CDATA[]]></subItem>
      <subItem name=""><![CDATA[]]></subItem>
      <subItem name=""><![CDATA[]]></subItem>
      <subItem name=""><![CDATA[]]></subItem>
    </items>
-->
  </option>
  <option name="Site" text="网站解决方案">
    <items name="Site" text="常规">
      <subItem name="isSmallIcon"><![CDATA[True]]></subItem>
      <subItem name="isSiteGuide"><![CDATA[False]]></subItem>
    </items>
  </option>
  <option name="TmpltDesigner" text="设计器">
    <items name="TmpltDesigner" text="模板设计器">
      <subItem name="selectedBrush"><![CDATA[1174405375]]></subItem>
      <subItem name="lockedBrush"><![CDATA[1174437888]]></subItem>
      <subItem name="hasSnipBrush"><![CDATA[1191116800]]></subItem>
      <subItem name="hasContentSnipBrush"><![CDATA[1187813632]]></subItem>
      <subItem name="penColor"><![CDATA[1174405120]]></subItem>
      <subItem name="directLineColor"><![CDATA[1177786676]]></subItem>
      <subItem name="selectedLinePenColor"><![CDATA[1187800780]]></subItem>
      <subItem name="selectingLineColor"><![CDATA[1187826841]]></subItem>
      <subItem name="lockedLinePenColor"><![CDATA[1174470400]]></subItem>
      <!-- 鼠标划过矩形时的填充色 -->
      <subItem name="selectingRectColor"><![CDATA[1184432281]]></subItem>
      <subItem name="penSize"><![CDATA[1]]></subItem>
      <subItem name="boldPenTimes"><![CDATA[1]]></subItem>
      <subItem name="autoAdsorb"><![CDATA[5]]></subItem>
      <subItem name="selectPrecision"><![CDATA[5]]></subItem>
      <subItem name="offsetDirectionLine"><![CDATA[1]]></subItem>
      <subItem name="currentPrecision"><![CDATA[5]]></subItem>
      <subItem name="showToolBar"><![CDATA[true]]></subItem>
      <subItem name="showRuler"><![CDATA[true]]></subItem>
    </items>
    <items name="HtmlDesigner" text="页面设计器">
      <subItem name="documentFont"><![CDATA[新宋体]]></subItem>
      <subItem name="documentSize"><![CDATA[9]]></subItem>
      <subItem name="isShowLineNum"><![CDATA[true]]></subItem>
      <subItem name="tecShowEOLMarkers"><![CDATA[true]]></subItem>
      <subItem name="tecShowHRuler"><![CDATA[true]]></subItem>
      <subItem name="tecShowVRuler"><![CDATA[true]]></subItem>
      <subItem name="showView"><![CDATA[Design]]></subItem>
      <subItem name="tecBorderStyle"><![CDATA[None]]></subItem>
      <subItem name="tableBorderColor"><![CDATA[-19371789]]></subItem>
    </items>
    <items name="SnipDesigner" text="页面片设计器">
      <!-- 容器模块-->
      <subItem name="boxFillColor"><![CDATA[-27542229]]></subItem>
      <!-- 容器模块框-->
      <subItem name="boxPenColor"><![CDATA[-20395832]]></subItem>
      <!-- 页面片设计器静态模块的颜色-->
      <subItem name="staticPartColor"><![CDATA[-112683488]]></subItem>
      <!-- 页面片设计器定制特性模块的颜色-->
      <subItem name="attributePartColor"><![CDATA[-61823451]]></subItem>
      <!--页面片设计器导航（频道/栏目）模块的颜色 -->
      <subItem name="navagationPartColor"><![CDATA[-28441051]]></subItem>
      <!--页面片设计器面包渣模块的颜色 -->
      <subItem name="pathPartColor"><![CDATA[-18687426]]></subItem>
      <!--页面片设计器底面颜色 -->
      <subItem name="designerBackColor"><![CDATA[-3014748]]></subItem>
      <subItem name="textColor"><![CDATA[-3407872]]></subItem>
      <subItem name="selectedPenColor"><![CDATA[-16776961]]></subItem>
      <subItem name="itemPenColor"><![CDATA[-16777216]]></subItem>
      <!-- 面包屑型前景色-->
      <subItem name="pathPartForeColor"><![CDATA[-33554432]]></subItem>
      <!-- 属性型前景色-->
      <subItem name="attributePartForeColor"><![CDATA[-33554432]]></subItem>
      <!-- 导航型前景色-->
      <subItem name="navagationPartForeColor"><![CDATA[-33554432]]></subItem>
      <!-- 静态型前景色-->
      <subItem name="staticPartForeColor"><![CDATA[-33554432]]></subItem>
      <!-- 容器型景色-->
      <subItem name="boxForeColor"><![CDATA[-33554432]]></subItem>
    </items>
  </option>
  <texts>
    <text name="SoftwareOptionForm">软件选项</text>
    <text name="btnOK">确定(&amp;Y)</text>
    <text name="btnCancel">取消(&amp;C)</text>
  </texts>
</options>