﻿<?xml version="1.0" encoding="utf-8"?>
<files>
  <recentOpenProjects>
    <file lastUpdateTime="2014-07-18 02:03:54">z:\SimplusD Sites\asdasdasdasdasd\asdasdasdasdasd.sdsite</file>
    <file lastUpdateTime="2014-07-18 02:03:33">z:\SimplusD Sites\sdfsdfsdf\sdfsdfsdf.sdsite</file>
    <file lastUpdateTime="2013-09-09 14:36:47">F:\My Documents\SimplusD Sites\jjjj\jjjj.sdsite</file>
    <file lastUpdateTime="2011-01-21 12:50:50">F:\My Documents\SimplusD Sites\lkkkkkkkkkk\lkkkkkkkkkk.sdsite</file>
    <file lastUpdateTime="2011-01-11 13:53:20">F:\My Documents\SimplusD Sites\pppp\pppp.sdsite</file>
    <file lastUpdateTime="2010-09-02 17:47:02">F:\My Documents\SimplusD Sites\yanan\yanan.sdsite</file>
    <file lastUpdateTime="2008-07-18 19:27:22">F:\My Documents\SimplusD Sites\jjjjjjjjjjj\jjjjjjjjjjj.sdsite</file>
    <file lastUpdateTime="2008-07-17 01:58:09">F:\My Documents\SimplusD Sites\MyFristSite\MyFristSite.sdsite</file>
    <file lastUpdateTime="2008-07-03 03:16:24">F:\My Documents\SimplusD Sites\PageCodeBuilderDemo\PageCodeBuilderDemo.sdsite</file>
    <file lastUpdateTime="2008-07-03 01:05:36">F:\My Documents\SimplusD Sites\abcdt\abcdt.sdsite</file>
    <file lastUpdateTime="2008-07-03 01:05:30">F:\My Desktop\sd\sd.sdsite</file>
    <file lastUpdateTime="2008-07-02 17:01:19">F:\My Documents\SimplusD Sites\asfgsdfg\asfgsdfg.sdsite</file>
    <file lastUpdateTime="2008-07-01 17:23:51">F:\My Documents\SimplusD Sites\xkan\xkan.sdsite</file>
    <file lastUpdateTime="2008-06-26 22:01:58">F:\My Documents\SimplusD Sites\xxyyzz\xxyyzz.sdsite</file>
    <file lastUpdateTime="2008-06-24 19:46:28">F:\My Documents\SimplusD Sites\abcd\abcd.sdsite</file>
  </recentOpenProjects>
  <recentCreateProjectFolder>
    <file lastUpdateTime="2014-07-18 02:03:33">z:\SimplusD Sites</file>
    <file lastUpdateTime="2008-06-24 19:46:28">F:\My Documents\SimplusD Sites</file>
  </recentCreateProjectFolder>
  <recentOpenImageFiles>
    <file lastUpdateTime="2011-01-11 13:59:32">F:\My Documents\SimplusD Sites\pppp\Root\Resources\AiErLanHuaMei.gif</file>
    <file lastUpdateTime="2008-07-03 13:20:55">F:\My Documents\SimplusD Sites\PageCodeBuilderDemo\Root\Resources\1601_1062045653.jpg</file>
  </recentOpenImageFiles>
</files>