﻿<?xml version="1.0" encoding="utf-8"?>
<items>
  <item value="1" text="1时" />
  <item value="2" text="2时" />
  <item value="3" text="3时" />
  <item value="4" text="4时" />
  <item value="5" text="5时" />
  <item value="6" text="6时" />
  <item value="7" text="7时" />
  <item value="8" text="8时" />
  <item value="9" text="9时" />
  <item value="10" text="10时" />
  <item value="11" text="11时" />
  <item value="12" text="12时" />
  <item value="13" text="13时" />
  <item value="14" text="14时" />
  <item value="15" text="15时" />
  <item value="16" text="16时" />
  <item value="17" text="17时" />
  <item value="18" text="18时" />
  <item value="19" text="19时" />
  <item value="20" text="20时" />
  <item value="21" text="21时" />
  <item value="22" text="22时" />
  <item value="23" text="23时" />
  <item value="24" text="24时" />
</items>