﻿<?xml version="1.0" encoding="utf-8"?>
<items>
  <item value="font0" text="Arial" />
  <item value="font1" text="Arial Black" />
  <item value="font2" text="Arial Narrow" />
  <item value="font3" text="Batang" />
  <item value="font4" text="BatangChe" />
  <item value="font5" text="Book Antiqua" />
  <item value="font6" text="Bookman Old Style" />
  <item value="font7" text="Bookshelf Symbol 7" />
  <item value="font8" text="Comic Sans MS" />
  <item value="font9" text="Courier New" />
  <item value="font10" text="Dotum" />
  <item value="font11" text="DotumChe" />
  <item value="font12" text="Estrangelo Edessa" />
  <item value="font13" text="Franklin Gothic Medium" />
  <item value="font14" text="Garamond" />
  <item value="font15" text="Gautami" />
  <item value="font16" text="Georgia" />
  <item value="font17" text="Gulim" />
  <item value="font18" text="GulimChe" />
  <item value="font19" text="Gungsuh" />
  <item value="font20" text="GungsuhChe" />
  <item value="font21" text="Impact" />
  <item value="font22" text="Latha" />
  <item value="font23" text="Lucida Console" />
  <item value="font24" text="Lucida Sans Unicode" />
  <item value="font25" text="Mangal" />
  <item value="font26" text="Marlett" />
  <item value="font27" text="Microsoft Sans Serif" />
  <item value="font28" text="MingLiU" />
  <item value="font29" text="Monotype Corsiva" />
  <item value="font30" text="MS Gothic" />
  <item value="font31" text="MS Mincho" />
  <item value="font32" text="MS PGothic" />
  <item value="font33" text="MS PMincho" />
  <item value="font34" text="MS Reference Sans Serif" />
  <item value="font35" text="MS Reference Specialty" />
  <item value="font36" text="MS UI Gothic" />
  <item value="font37" text="MT Extra" />
  <item value="font38" text="MV Boli" />
  <item value="font39" text="Nina" />
  <item value="font40" text="Palatino Linotype" />
  <item value="font41" text="PMingLiU" />
  <item value="font42" text="Raavi" />
  <item value="font43" text="Segoe Condensed" />
  <item value="font44" text="Shruti" />
  <item value="font45" text="Sylfaen" />
  <item value="font46" text="Symbol" />
  <item value="font47" text="Tahoma" />
  <item value="font48" text="Times New Roman" />
  <item value="font49" text="Trebuchet MS" />
  <item value="font50" text="Tunga" />
  <item value="font51" text="Verdana" />
  <item value="font52" text="Webdings" />
  <item value="font53" text="Wingdings" />
  <item value="font54" text="Wingdings 2" />
  <item value="font55" text="Wingdings 3" />
  <item value="font56" text="仿宋_GB2312" />
  <item value="font57" text="华文中宋" />
  <item value="font58" text="华文仿宋" />
  <item value="font59" text="华文宋体" />
  <item value="font60" text="华文彩云" />
  <item value="font61" text="华文新魏" />
  <item value="font62" text="华文楷体" />
  <item value="font63" text="华文琥珀" />
  <item value="font64" text="华文细黑" />
  <item value="font65" text="华文行楷" />
  <item value="font66" text="华文隶书" />
  <item value="font67" text="宋体" />
  <item value="font68" text="幼圆" />
  <item value="font69" text="微软雅黑" />
  <item value="font70" text="新宋体" />
  <item value="font71" text="方正姚体" />
  <item value="font72" text="方正舒体" />
  <item value="font73" text="楷体_GB2312" />
  <item value="font74" text="隶书" />
  <item value="font75" text="黑体" />
  <item value="font76" text="新宋体" />
</items>