﻿<?xml version="1.0" encoding="utf-8"?>
<items>
  <item value="0" text="计算机/互联网/通讯">
    <subitem value="1" text="首席技术执行官" />
    <subitem text="技术总监/经理" value="2" />
    <subitem text="信息技术经理" value="3" />
    <subitem text="信息技术主管" value="4" />
    <subitem text="信息技术专员" value="5" />
    <subitem text="项目经理/主管" value="6" />
    <subitem text="项目执行/协调人员" value="7" />
    <subitem text="系统分析员" value="8" />
    <subitem text="高级软件工程师" value="9" />
    <subitem text="软件工程师" value="10" />
    <subitem text="系统工程师" value="11" />
    <subitem text="高级硬件工程师" value="12" />
    <subitem text="硬件工程师" value="13" />
    <subitem text="通信技术工程师" value="14" />
    <subitem text="ERP技术应用顾问" value="15" />
    <subitem text="数据库工程师" value="16" />
    <subitem text="技术支持经理" value="17" />
    <subitem text="技术支持工程师" value="18" />
    <subitem text="品质经理" value="19" />
    <subitem text="信息安全工程师" value="20" />
    <subitem text="软件测试工程师" value="21" />
    <subitem text="硬件测试工程师" value="22" />
    <subitem text="测试员" value="23" />
    <subitem text="网站营运经理/主管" value="24" />
    <subitem text="网络工程师" value="25" />
    <subitem text="系统管理员/网管" value="26" />
    <subitem text="网页设计/制作" value="27" />
    <subitem text="技术文员/助理" value="28" />
    <subitem text="其它" value="29" />
  </item>
  <item value="30" text="销售">
    <subitem value="31" text="销售总监" />
    <subitem value="32" text="销售经理" />
    <subitem value="33" text="区域销售经理" />
    <subitem value="34" text="客户经理" />
    <subitem value="35" text="渠道/分销经理" />
    <subitem value="36" text="渠道主管" />
    <subitem value="37" text="销售主管" />
    <subitem value="38" text="销售代表" />
    <subitem value="39" text="销售工程师" />
    <subitem value="40" text="医药代表" />
    <subitem value="41" text="保险代理" />
    <subitem value="42" text="销售助理" />
    <subitem value="43" text="商务经理" />
    <subitem value="44" text="商务专员/助理" />
    <subitem value="45" text="销售行政经理" />
    <subitem value="46" text="销售行政主管" />
    <subitem value="47" text="售前/售后技术服务经理" />
    <subitem value="48" text="售前/售后技术服务主管" />
    <subitem value="49" text="售前/售后技术服务工程师" />
    <subitem value="50" text="售后/客户服务（非技术）经理" />
    <subitem value="51" text="售后/客户服务（非技术）主管" />
    <subitem value="52" text="售后/客户服务（非技术）专员" />
    <subitem value="53" text="经销商" />
    <subitem value="54" text="其它" />
  </item>
  <item value="55" text="市场/公关/广告">
    <subitem value="56" text="市场/广告总监" />
    <subitem value="57" text="市场/营销经理" />
    <subitem value="58" text="市场/营销主管" />
    <subitem value="59" text="市场/营销专员" />
    <subitem value="60" text="市场助理" />
    <subitem value="61" text="产品/品牌经理" />
    <subitem value="62" text="产品/品牌主管" />
    <subitem value="63" text="市场通路经理" />
    <subitem value="64" text="市场通路主管" />
    <subitem value="65" text="促销经理" />
    <subitem value="66" text="促销主管" />
    <subitem value="67" text="促销员" />
    <subitem value="68" text="市场分析/调研人员" />
    <subitem value="69" text="公关/会务经理" />
    <subitem value="70" text="公关/会务主管" />
    <subitem value="71" text="公关/会务专员" />
    <subitem value="72" text="媒介经理" />
    <subitem value="73" text="媒介人员" />
    <subitem value="74" text="企业/业务发展经理" />
    <subitem value="75" text="企业策划人员" />
    <subitem value="76" text="广告策划/设计/文案" />
    <subitem value="77" text="其它" />
  </item>
  <item value="78" text="建筑/房地产">
    <subitem value="79" text="建筑工程师" />
    <subitem value="80" text="结构/土建工程师" />
    <subitem value="81" text="电气工程师" />
    <subitem value="82" text="给排水/暖通工程师" />
    <subitem value="83" text="工程造价师/预结算" />
    <subitem value="84" text="建筑工程管理" />
    <subitem value="85" text="工程监理" />
    <subitem value="86" text="室内外装潢设计" />
    <subitem value="87" text="城市规划与设计" />
    <subitem value="88" text="建筑制图" />
    <subitem value="89" text="施工员" />
    <subitem value="90" text="房地产开发/策划" />
    <subitem value="91" text="房地产评估" />
    <subitem value="92" text="房地产中介/交易" />
    <subitem value="93" text="物业管理" />
    <subitem value="94" text="其它" />
  </item>
  <item value="95" text="财务/审计/统计/金融">
    <subitem value="96" text="财务总监" />
    <subitem value="97" text="财务经理" />
    <subitem value="98" text="财务主管/总帐主管" />
    <subitem value="99" text="会计经理/会计主管" />
    <subitem value="100" text="会计" />
    <subitem value="101" text="出纳员" />
    <subitem value="102" text="财务/会计助理" />
    <subitem value="103" text="财务分析经理/主管" />
    <subitem value="104" text="财务分析员" />
    <subitem value="105" text="成本经理/成本主管" />
    <subitem value="106" text="成本管理员" />
    <subitem value="107" text="审计经理/主管" />
    <subitem value="108" text="审计专员/助理" />
    <subitem value="109" text="税务经理/税务主管" />
    <subitem value="110" text="税务专员" />
    <subitem value="111" text="证券经纪人" />
    <subitem value="112" text="投资顾问" />
    <subitem value="113" text="注册分析师" />
    <subitem value="114" text="投资/基金项目经理" />
    <subitem value="115" text="融资经理/融资主管" />
    <subitem value="116" text="融资专员" />
    <subitem value="117" text="行长/副行长" />
    <subitem value="118" text="风险控制" />
    <subitem value="119" text="进出口/信用证结算" />
    <subitem value="120" text="清算人员" />
    <subitem value="121" text="外汇主管" />
    <subitem value="122" text="高级客户经理/客户经理" />
    <subitem value="123" text="客户主管/专员" />
    <subitem value="124" text="信贷/信用调查/分析人员" />
    <subitem value="125" text="银行柜台出纳" />
    <subitem value="126" text="统计员" />
    <subitem value="127" text="其它" />
  </item>
  <item value="128" text="生产/营运/工程">
    <subitem value="129" text="工厂经理/厂长" />
    <subitem value="130" text="总工程师/副总工程师" />
    <subitem value="131" text="项目经理/主管" />
    <subitem value="132" text="项目工程师" />
    <subitem value="133" text="营运经理" />
    <subitem value="134" text="营运主管" />
    <subitem value="135" text="生产经理/车间主任" />
    <subitem value="136" text="生产计划协调员" />
    <subitem value="137" text="生产主管/督导/领班" />
    <subitem value="138" text="技术/工艺设计经理/主管" />
    <subitem value="139" text="技术/工艺设计工程师" />
    <subitem value="140" text="实验室负责人/工程师" />
    <subitem value="141" text="工程/设备经理" />
    <subitem value="142" text="工程/设备主管" />
    <subitem value="143" text="工程/设备工程师" />
    <subitem value="144" text="电气/电子工程师" />
    <subitem value="145" text="机械工程师" />
    <subitem value="146" text="机电工程师" />
    <subitem value="147" text="维修工程师" />
    <subitem value="148" text="质量经理" />
    <subitem value="149" text="质量主管" />
    <subitem value="150" text="质量工程师" />
    <subitem value="151" text="质量检验员/测试员" />
    <subitem value="152" text="认证工程师" />
    <subitem value="153" text="安全/健康/环境经理/主管" />
    <subitem value="154" text="安全/健康/环境工程师" />
    <subitem value="155" text="工程绘图员" />
    <subitem value="156" text="机械制图员" />
    <subitem value="157" text="化验员" />
    <subitem value="158" text="技工" />
    <subitem value="159" text="电工" />
    <subitem value="160" text="服装打样/制版" />
    <subitem value="161" text="其它" />
  </item>
  <item value="162" text="行政/人事/后勤">
    <subitem value="163" text="行政/人事总监" />
    <subitem value="164" text="人事经理" />
    <subitem value="165" text="人事主管" />
    <subitem value="166" text="人事专员" />
    <subitem value="167" text="人事助理" />
    <subitem value="168" text="招聘经理/主管" />
    <subitem value="169" text="薪资福利经理/主管" />
    <subitem value="170" text="薪资福利专员/助理" />
    <subitem value="171" text="培训经理/主管" />
    <subitem value="172" text="培训专员/助理" />
    <subitem value="173" text="行政经理/主管/办公室主任" />
    <subitem value="174" text="行政专员/助理" />
    <subitem value="175" text="经理助理/秘书" />
    <subitem value="176" text="前台接待/总机" />
    <subitem value="177" text="后勤" />
    <subitem value="178" text="资料管理员" />
    <subitem value="179" text="电脑操作员/打字员" />
    <subitem value="180" text="其它" />
  </item>
  <item value="181" text="高级管理">
    <subitem value="182" text="首席执行官/总经理" />
    <subitem value="183" text="副总经理" />
    <subitem value="184" text="总监" />
    <subitem value="185" text="合伙人" />
    <subitem value="186" text="总裁/总经理助理" />
    <subitem value="187" text="其它" />
  </item>
  <item value="188" text="物流/贸易/采购">
    <subitem value="189" text="物流经理" />
    <subitem value="190" text="物流主管" />
    <subitem value="191" text="物流专员/助理" />
    <subitem value="192" text="物料经理" />
    <subitem value="193" text="物料主管" />
    <subitem value="194" text="采购经理" />
    <subitem value="195" text="采购主管" />
    <subitem value="196" text="采购员" />
    <subitem value="197" text="外贸/贸易经理/主管" />
    <subitem value="198" text="外贸/贸易专员/助理" />
    <subitem value="199" text="业务跟单经理" />
    <subitem value="200" text="高级业务跟单" />
    <subitem value="201" text="业务跟单" />
    <subitem value="202" text="助理业务跟单" />
    <subitem value="203" text="仓库经理/主管" />
    <subitem value="204" text="仓库管理员" />
    <subitem value="205" text="运输经理/主管" />
    <subitem value="206" text="报关员" />
    <subitem value="207" text="单证员" />
    <subitem value="208" text="船务人员" />
    <subitem value="208" text="快递员" />
    <subitem value="210" text="理货员" />
    <subitem value="211" text="其它" />
  </item>
  <item value="212" text="文字/艺术/设计">
    <subitem value="213" text="编辑/作家/撰稿人" />
    <subitem value="214" text="记者" />
    <subitem value="215" text="校对/录入" />
    <subitem value="216" text="排版设计" />
    <subitem value="217" text="艺术/设计总监" />
    <subitem value="218" text="影视策划/制作人员" />
    <subitem value="219" text="导演" />
    <subitem value="220" text="摄影师" />
    <subitem value="221" text="音效师" />
    <subitem value="222" text="演员/模特/主持人" />
    <subitem value="223" text="平面设计/美术设计" />
    <subitem value="224" text="纺织/服装设计" />
    <subitem value="225" text="工业/产品设计" />
    <subitem value="226" text="工艺品/珠宝设计" />
    <subitem value="227" text="其它" />
  </item>
  <item value="228" text="科研人员">
    <subitem value="229" text="科研管理人员" />
    <subitem value="230" text="科研人员" />
  </item>
  <item value="231" text="律师/法务">
    <subitem value="232" text="律师" />
    <subitem value="233" text="法务人员" />
    <subitem value="234" text="律师助理" />
    <subitem value="235" text="书记员" />
    <subitem value="236" text="其它" />
  </item>
  <item value="237" text="教师">
    <subitem value="238" text="教师" />
    <subitem value="239" text="教学/教务管理人员" />
    <subitem value="240" text="助教" />
    <subitem value="241" text="讲师" />
    <subitem value="242" text="家教" />
    <subitem value="243" text="其它" />
  </item>
  <item value="244" text="医疗/护理">
    <subitem value="245" text="医生（中、西医）" />
    <subitem value="246" text="医学管理人员" />
    <subitem value="247" text="医药技术人员" />
    <subitem value="248" text="药库主任/药剂师" />
    <subitem value="249" text="护士/护理人员" />
    <subitem value="250" text="临床协调员" />
    <subitem value="251" text="临床研究员" />
    <subitem value="252" text="麻醉师" />
    <subitem value="253" text="心理医生" />
    <subitem value="254" text="医药学检验" />
    <subitem value="255" text="其它" />
  </item>
  <item value="256" text="咨询/顾问">
    <subitem value="257" text="专业顾问" />
    <subitem value="258" text="咨询总监" />
    <subitem value="259" text="咨询经理" />
    <subitem value="260" text="咨询员" />
    <subitem value="260" text="其它" />
  </item>
  <item value="261" text="公务员">
    <subitem value="262" text="公务员" />
  </item>
  <item value="263" text="在校学生">
    <subitem value="264" text="在校学生" />
    <subitem value="265" text="应届毕业生" />
    <subitem value="266" text="实习生" />
    <subitem value="267" text="其它" />
  </item>
  <item value="268" text="培训生">
    <subitem value="269" text="培训生" />
  </item>
  <item value="270" text="服务">
    <subitem value="271" text="美容/健身顾问" />
    <subitem value="272" text="餐饮/娱乐经理" />
    <subitem value="273" text="宾馆/酒店经理" />
    <subitem value="274" text="领班" />
    <subitem value="275" text="服务员" />
    <subitem value="276" text="营业员/收银员/理货员" />
    <subitem value="277" text="厨师" />
    <subitem value="278" text="导游" />
    <subitem value="279" text="司机" />
    <subitem value="280" text="保安" />
    <subitem value="281" text="寻呼员/话务员" />
    <subitem value="282" text="其它" />
  </item>
  <item value="283" text="翻译">
    <subitem value="284" text="英语翻译" />
    <subitem value="285" text="日语翻译" />
    <subitem value="286" text="德语翻译" />
    <subitem value="287" text="法语翻译" />
    <subitem value="288" text="俄语翻译" />
    <subitem value="289" text="西班牙语翻译" />
    <subitem value="290" text="朝鲜语翻译" />
    <subitem value="291" text="其它语种翻译" />
    <subitem value="292" text="其它" />
  </item>
  <item value="293" text="其它">
    <subitem value="294" text="其它" />
  </item>
</items>