﻿<?xml version="1.0" encoding="utf-8"?>
<items>
  <item value="1" text="照明工业"/>
  <item value="2" text="电子元器件"/>
  <item value="3" text="传媒、广电"/>
  <item value="4" text="安全、防护"/>
  <item value="5" text="包装"/>
  <item value="6" text="纸业"/>
  <item value="7" text="办公、文教"/>
  <item value="8" text="数码、电脑"/>
  <item value="9" text="电工电气"/>
  <item value="10" text="纺织、皮革"/>
  <item value="11" text="服装"/>
  <item value="12" text="服饰"/>
  <item value="13" text="机械及行业设备"/>
  <item value="14" text="五金、工具"/>
  <item value="15" text="化工"/>
  <item value="16" text="精细化学品"/>
  <item value="17" text="橡塑"/>
  <item value="18" text="环保"/>
  <item value="19" text="仪器仪表"/>
  <item value="20" text="家居用品"/>
  <item value="21" text="家用电器"/>
  <item value="22" text="建筑、建材"/>
  <item value="23" text="交通运输"/>
  <item value="24" text="礼品、工艺品、饰品"/>
  <item value="25" text="能源"/>
  <item value="26" text="农业"/>
  <item value="27" text="汽摩及配件"/>
  <item value="28" text="食品、饮料"/>
  <item value="29" text="通信产品"/>
  <item value="30" text="玩具"/>
  <item value="31" text="冶金矿产"/>
  <item value="32" text="医药、保养"/>
  <item value="33" text="印刷"/>
  <item value="34" text="运动、休闲"/>
  <item value="35" text="商务服务"/>
  <item value="36" text="项目合作"/>
  <item value="37" text="二手设备转让"/>
  <item value="38" text="加工"/>
  <item value="39" text="代理"/>
  <item value="40" text="库存积压"/>
</items>