﻿<?xml version="1.0" encoding="utf-8"?>
<items>
  <item value="0" text="销售" >
    <subitem value="1" text="销售总监"/>
    <subitem value="2" text="销售经理"/>
    <subitem value="3" text="区域销售经理"/>
    <subitem value="4" text="销售主管"/>
    <subitem value="5" text="销售工程师"/>
    <subitem value="6" text="销售代表"/>
    <subitem value="7" text="销售助理"/>
    <subitem value="8" text="医药销售代表"/>
    <subitem value="9" text="电话销售"/>
    <subitem value="10" text="渠道/分销管理"/>
    <subitem value="11" text="渠道/分销专员"/>
    <subitem value="12" text="经销商"/>
    <subitem value="13" text="客户经理/主管"/>
    <subitem value="14" text="客户代表"/>
    <subitem value="15" text="其他"/>
  </item>
  <item value="16" text="商务采购贸易" >
    <subitem value="17" text="商务经理/主管"/>
    <subitem value="18" text="商务专员/助理"/>
    <subitem value="19" text="区域销售经理"/>
    <subitem value="20" text="采购经理/主管"/>
    <subitem value="21" text="采购专员/助理"/>
    <subitem value="22" text="外贸?贸易经理/外贸?贸易主管"/>
    <subitem value="23" text="外贸/贸易专员"/>
    <subitem value="24" text="业务跟单"/>
    <subitem value="25" text="报关员"/>
    <subitem value="26" text="其他"/>
  </item>
  <item value="27" text="电子/半导体/仪表仪器" >
    <subitem value="28" text="电子/电气工程师"/>
    <subitem value="29" text="电子元器件工程师"/>
    <subitem value="30" text="电路工程师/技术员"/>
    <subitem value="31" text="电池/电源开发"/>
    <subitem value="32" text="设备工程师（调试/安装/维护）"/>
    <subitem value="33" text="音频/视频工程师/技术员 "/>
    <subitem value="34" text="家用电器/数码产品研发"/>
    <subitem value="35" text="电子/电器维修"/>
    <subitem value="36" text="机电工程师"/>
    <subitem value="37" text="自动化工程师"/>
    <subitem value="38" text="集成电路IC设计/应用工程师"/>
    <subitem value="39" text="IC验证工程师"/>
    <subitem value="40" text="激光/光电子技术"/>
    <subitem value="41" text="半导体技术"/>
    <subitem value="42" text="模拟电路设计/应用工程师"/>
    <subitem value="43" text="嵌入式硬件/软件工程师"/>
    <subitem value="44" text="无线电工程师"/>
    <subitem value="45" text="版图设计工程师"/>
    <subitem value="46" text="仪器/仪表/计量"/>
    <subitem value="47" text="FAE现场应用工程师"/>
    <subitem value="48" text="产品工艺/规划/制程工程师"/>
    <subitem value="49" text="项目经理/产品经理"/>
    <subitem value="50" text="测试工程师"/>
    <subitem value="51" text="其他"/>
  </item>
  <item value="52" text="客户服务/技术支持" >
    <subitem value="53" text="客户服务总监"/>
    <subitem value="54" text="客户服务经理/主管"/>
    <subitem value="55" text="客户服务专员/助理"/>
    <subitem value="56" text="客户咨询热线/呼叫中心人员"/>
    <subitem value="57" text="客户协调"/>
    <subitem value="58" text="售前/售后技术支持管理"/>
    <subitem value="59" text="售前/售后技术支持工程师"/>
    <subitem value="60" text="其他"/>
  </item>
  <item value="61" text="人力资源" >
    <subitem value="62" text="人力资源总监"/>
    <subitem value="63" text="人力资源经理/主管"/>
    <subitem value="64" text="人力资源专员/助理"/>
    <subitem value="65" text="招聘经理/主管"/>
    <subitem value="66" text="培训专员/助理/培训师"/>
    <subitem value="67" text="薪酬福利/绩效考核/员工关系"/>
    <subitem value="68" text="猎头顾问/助理"/>
    <subitem value="69" text="其他"/>
  </item>
  <item value="70" text="生产/加工/制造" >
    <subitem value="71" text="工厂厂长/副厂长"/>
    <subitem value="72" text="项目经理/主管"/>
    <subitem value="73" text="项目工程师"/>
    <subitem value="74" text="生产主管/督导/组长"/>
    <subitem value="75" text="生产经理/车间主任"/>
    <subitem value="76" text="质量管理"/>
    <subitem value="77" text="设备管理"/>
    <subitem value="78" text="化验/检验"/>
    <subitem value="79" text="仓库物料"/>
    <subitem value="80" text="采购管理"/>
    <subitem value="81" text="产品开发/技术或工艺"/>
    <subitem value="82" text="维修工程师"/>
    <subitem value="83" text="工业工程师"/>
    <subitem value="84" text="制造工程师"/>
    <subitem value="85" text="其他"/>
  </item>
  <item value="86" text="工程机械" >
    <subitem value="87" text="工程机械经理"/>
    <subitem value="88" text="工程机械主管"/>
    <subitem value="89" text="机械工程师"/>
    <subitem value="90" text="机械设计师"/>
    <subitem value="91" text="机械制图员"/>
    <subitem value="92" text="技术文档工程师"/>
    <subitem value="93" text="其他"/>
  </item>
  <item value="94" text="财会/审计/统计" >
    <subitem value="95" text="首席财务官CFO"/>
    <subitem value="96" text="财务总监"/>
    <subitem value="97" text="财务经理"/>
    <subitem value="98" text="财务主管/总帐主管"/>
    <subitem value="99" text="财务分析经理/主管"/>
    <subitem value="100" text="财务分析员"/>
    <subitem value="101" text="财务/会计助理"/>
    <subitem value="102" text="财务/出纳员"/>
    <subitem value="103" text="会计经理/主管"/>
    <subitem value="104" text="会计"/>
    <subitem value="105" text="审计经理/主管"/>
    <subitem value="106" text="审计专员/助理"/>
    <subitem value="107" text="统计员"/>
    <subitem value="108" text="税务经理/主管"/>
    <subitem value="109" text="税务专员/助理"/>
    <subitem value="110" text="成本经理/主管"/>
    <subitem value="111" text="其他"/>
  </item>
  <item value="112" text="建筑/房地产/装修/物业" >
    <subitem value="113" text="土建工程管理/项目经理"/>
    <subitem value="114" text="高级建筑工程师/总工"/>
    <subitem value="115" text="工程监理/质量工程师"/>
    <subitem value="116" text="建筑师/土建工程师"/>
    <subitem value="117" text="结构工程师"/>
    <subitem value="118" text="给排水工程/暖通/制冷工程"/>
    <subitem value="119" text="造价师/预算师 施工员"/>
    <subitem value="120" text="房地产开发/策划/评估"/>
    <subitem value="121" text="房地产中介/交易"/>
    <subitem value="122" text="室内外装潢设计"/>
    <subitem value="123" text="物业经理/主管"/>
    <subitem value="124" text="物业管理专员/助理"/>
    <subitem value="125" text="物业招商/租赁/租售"/>
    <subitem value="126" text="物业维修"/>
    <subitem value="127" text="其他"/>
  </item>
  <item value="128" text="普通劳动力/家政服务" >
    <subitem value="129" text="保安"/>
    <subitem value="130" text="保洁"/>
    <subitem value="131" text="家政人员"/>
    <subitem value="132" text="普工"/>
    <subitem value="133" text="其他"/>
  </item>
  <item value="134" text="教育/培训" >
    <subitem value="135" text="教授/讲师/助教"/>
    <subitem value="136" text="教师"/>
    <subitem value="137" text="教学/教务管理人员"/>
    <subitem value="138" text="教育产品开发"/>
    <subitem value="139" text="家教"/>
    <subitem value="140" text="教练"/>
    <subitem value="141" text="幼教"/>
    <subitem value="142" text="其他"/>
  </item>
  <item value="143" text="学术/科研" >
    <subitem value="144" text="科研管理人员"/>
    <subitem value="145" text="科研人员"/>
    <subitem value="146" text="其他"/>
  </item>
  <item value="147" text="美术/设计/创意" >
    <subitem value="148" text="设计管理人员"/>
    <subitem value="149" text="创意指导/总监"/>
    <subitem value="150" text="美术编辑/美术设计"/>
    <subitem value="151" text="平面设计"/>
    <subitem value="152" text="产品/包装设计"/>
    <subitem value="153" text="多媒体/动画设计"/>
    <subitem value="154" text="工艺品/珠宝设计"/>
    <subitem value="155" text="家具设计"/>
    <subitem value="156" text="服装设计"/>
    <subitem value="157" text="展示/装潢设计"/>
    <subitem value="158" text="其他"/>
  </item>
  <item value="159" text="酒店/餐饮/旅游/娱乐" >
    <subitem value="160" text="酒店管理"/>
    <subitem value="161" text="娱乐或餐饮管理"/>
    <subitem value="162" text="大堂经理/领班"/>
    <subitem value="163" text="前厅接待/礼仪/迎宾"/>
    <subitem value="164" text="厨师"/>
    <subitem value="165" text="调酒师"/>
    <subitem value="166" text="营养师"/>
    <subitem value="167" text="导游/票务"/>
    <subitem value="168" text="服务员"/>
    <subitem value="169" text="保安"/>
    <subitem value="170" text="其他"/>
  </item>
  <item value="171" text="能源/矿产/地质勘查" >
    <subitem value="172" text="石油天然气技术人员"/>
    <subitem value="173" text="电力工程师/技术员"/>
    <subitem value="174" text="空调/热能工程师"/>
    <subitem value="175" text="核力/火力工程师"/>
    <subitem value="176" text="智能大厦/综合布线/弱电"/>
    <subitem value="177" text="地质勘查"/>
    <subitem value="178" text="其他"/>
  </item>
  <item value="179" text="生物/制药/医疗器械" >
    <subitem value="180" text="生物工程/生物制药"/>
    <subitem value="181" text="药品生产/质量管理"/>
    <subitem value="182" text="临床研究/协调"/>
    <subitem value="183" text="医药研发/药品注册"/>
    <subitem value="184" text="医疗器械推广"/>
    <subitem value="185" text="医药代表"/>
    <subitem value="186" text="其他"/>
  </item>
  <item value="187" text="公务员" >
    <subitem value="188" text="公务员"/>
    <subitem value="189" text="其他"/>
  </item>
  <item value="190" text="农/林/牧/渔业" >
    <subitem value="191" text="农/林/牧/渔业"/>
    <subitem value="192" text="其他"/>
  </item>
  <item value="193" text="在校学生" >
    <subitem value="194" text="应届毕业生"/>
    <subitem value="195" text="非应届毕业生/实习生"/>
    <subitem value="196" text="其他"/>
  </item>
  <item value="197" text="市场/市场拓展/公关" >
    <subitem value="198" text="市场总监/经理/主管"/>
    <subitem value="199" text="市场营销经理/主管"/>
    <subitem value="200" text="市场营销专员/助理"/>
    <subitem value="201" text="市场策划/企划"/>
    <subitem value="202" text="市场调研与分析"/>
    <subitem value="203" text="市场专员/市场助理"/>
    <subitem value="204" text="市场拓展"/>
    <subitem value="205" text="公关经理/主管"/>
    <subitem value="206" text="公关专员"/>
    <subitem value="207" text="媒介经理/主管"/>
    <subitem value="208" text="媒介专员/媒介购买"/>
    <subitem value="209" text="促销督导"/>
    <subitem value="210" text="产品?品牌经理/产品?品牌主管"/>
    <subitem value="211" text="产品/品牌专员"/>
    <subitem value="212" text="会务专员"/>
    <subitem value="213" text="其他"/>
  </item>
  <item value="214" text="计算机软、硬件/互联网/IT" >
    <subitem value="215" text="首席技术官"/>
    <subitem value="216" text="CTO/首席信息官"/>
    <subitem value="217" text="CIO 技术总监/经理"/>
    <subitem value="218" text="高级软件工程师"/>
    <subitem value="219" text="软件工程师"/>
    <subitem value="220" text="高级硬件工程师"/>
    <subitem value="221" text="硬件工程师"/>
    <subitem value="222" text="软件测试"/>
    <subitem value="223" text="硬件测试"/>
    <subitem value="224" text="网站运营管理"/>
    <subitem value="225" text="系统管理员"/>
    <subitem value="226" text="网络管理员"/>
    <subitem value="227" text="网络工程师"/>
    <subitem value="228" text="互联网软件开发工程师"/>
    <subitem value="229" text="网络与信息安全工程师"/>
    <subitem value="230" text="信息技术经理/主管"/>
    <subitem value="231" text="信息技术专员"/>
    <subitem value="232" text="网页设计/制作"/>
    <subitem value="233" text="网站编辑"/>
    <subitem value="234" text="游戏设计/开发"/>
    <subitem value="235" text="技术支持/维护经理"/>
    <subitem value="236" text="技术支持/维护工程师"/>
    <subitem value="237" text="质量工程师"/>
    <subitem value="238" text="系统工程师"/>
    <subitem value="239" text="系统分析师/架构师"/>
    <subitem value="240" text="数据库开发工程师"/>
    <subitem value="241" text="数据库管理员"/>
    <subitem value="242" text="ERP技术/开发应用"/>
    <subitem value="243" text="研发工程师"/>
    <subitem value="244" text="项目经理/主管"/>
    <subitem value="245" text="产品经理/主管"/>
    <subitem value="246" text="语音/视频/图形"/>
    <subitem value="247" text="其他"/>
  </item>
  <item value="248" text="通信技术" >
    <subitem value="249" text="通信技术工程师"/>
    <subitem value="250" text="有线传输工程师"/>
    <subitem value="251" text="无线通信工程师"/>
    <subitem value="252" text="电信交换工程师"/>
    <subitem value="253" text="数据通信工程师"/>
    <subitem value="254" text="移动通信工程师"/>
    <subitem value="255" text="电信网络工程师通信电源工程师"/>
    <subitem value="256" text="其他"/>
  </item>
  <item value="257" text="行政/后勤" >
    <subitem value="258" text="行政总监"/>
    <subitem value="259" text="行政经理/主管/办公室主任"/>
    <subitem value="260" text="行政专员/助理"/>
    <subitem value="261" text="经理助理/秘书/文员"/>
    <subitem value="262" text="前台/总机/接待"/>
    <subitem value="263" text="图书/资料/档案管理"/>
    <subitem value="264" text="后勤"/>
    <subitem value="265" text="其他"/>
  </item>
  <item value="266" text="高级管理" >
    <subitem value="267" text="首席执行官"/>
    <subitem value="268" text="CEO/总裁/总经理"/>
    <subitem value="269" text="首席技术官CTO/首席信息官CIO"/>
    <subitem value="270" text="首席运营官COO "/>
    <subitem value="271" text="首席财务官"/>
    <subitem value="272" text="CFO 副总裁/副总经理"/>
    <subitem value="273" text="分公司/分支机构/办事处经理"/>
    <subitem value="274" text="总裁助理/总经理助理"/>
    <subitem value="275" text="合伙人"/>
    <subitem value="276" text="总监"/>
    <subitem value="277" text="其他"/>
  </item>
  <item value="278" text="质控/安检" >
    <subitem value="279" text="质量管理/测试经理(QA/QC经理)"/>
    <subitem value="280" text="质量管理/测试主管(QA/QC主管)"/>
    <subitem value="281" text="质量管理/测试工程师(QA/QC工程师)"/>
    <subitem value="282" text="质量检验员/测试员"/>
    <subitem value="283" text="认证工程师/审核员"/>
    <subitem value="284" text="供应商/采购设备与材料质量管理"/>
    <subitem value="285" text="安全管理"/>
    <subitem value="286" text="其他"/>
  </item>
  <item value="287" text="技工" >
    <subitem value="288" text="汽车修理工/机修工"/>
    <subitem value="289" text="电工/电焊工/铆焊工"/>
    <subitem value="290" text="钳工/钣工"/>
    <subitem value="291" text="车床/磨床/铣床/冲床工"/>
    <subitem value="292" text="空调工/电梯工/锅炉工"/>
    <subitem value="293" text="铲车/叉车工"/>
    <subitem value="294" text="水工/木工/油漆工"/>
    <subitem value="295" text="模具工"/>
    <subitem value="296" text="普工"/>
    <subitem value="297" text="其他"/>
  </item>
  <item value="298" text="金融/银行/保险/证券/投资" >
    <subitem value="299" text="融资总监"/>
    <subitem value="300" text="融资经理/融资主管/专员"/>
    <subitem value="301" text="风险管理/控制/稽查"/>
    <subitem value="302" text="信贷管理/资信评估"/>
    <subitem value="303" text="银行经理/主任"/>
    <subitem value="304" text="银行会计/柜员"/>
    <subitem value="305" text="保险代理/经纪人/业务员"/>
    <subitem value="306" text="保险精算/产品研发"/>
    <subitem value="307" text="核保理赔"/>
    <subitem value="308" text="储备经理人"/>
    <subitem value="309" text="证券总监/部门经理"/>   
    <subitem value="310" text="证券/期货/外汇经纪人"/>
    <subitem value="311" text="外汇交易/基金/国债经理人"/>
    <subitem value="312" text="投资/理财顾问"/>
    <subitem value="313" text="客户经理/主管"/>
    <subitem value="314" text="客户服务"/>
    <subitem value="315" text="其他"/>
  </item>
  <item value="316" text="交通/仓储/物流" >
    <subitem value="317" text="运输经理/主管"/>
    <subitem value="318" text="调度员"/>
    <subitem value="319" text="快递员/速递员"/>
    <subitem value="320" text="司机"/>
    <subitem value="321" text="仓库经理/主管"/>
    <subitem value="322" text="仓库管理员"/>
    <subitem value="323" text="物流经理/主管"/>
    <subitem value="324" text="物流专员/助理"/>
    <subitem value="325" text="海运/空运操作人员"/>
    <subitem value="326" text="其他"/>
  </item>
  <item value="327" text="零售业" >
    <subitem value="328" text="店长/卖场经理"/>
    <subitem value="329" text="店员/营业员/导购员"/>
    <subitem value="330" text="收银员"/>
    <subitem value="331" text="理货员/陈列员"/>
    <subitem value="332" text="兼职店员"/>
    <subitem value="333" text="促销专员/导购"/>
    <subitem value="334" text="其他"/>
  </item>
  <item value="335" text="咨询/顾问" >
    <subitem value="336" text="咨询总监"/>
    <subitem value="337" text="咨询经理/主管"/>
    <subitem value="338" text="咨询员"/>
    <subitem value="339" text="培训师"/>
    <subitem value="340" text="专业顾问"/>
    <subitem value="341" text="情报信息分析"/>
    <subitem value="342" text="其他"/>
  </item>
  <item value="343" text="法律" >
    <subitem value="344" text="法律部经理/主任"/>
    <subitem value="345" text="律师/律师助理"/>
    <subitem value="346" text="法律顾问"/>
    <subitem value="347" text="法务人员"/>
    <subitem value="348" text="其他"/>
  </item>
  <item value="349" text="编辑/文案/传媒/影视/新闻" >
    <subitem value="350" text="总编/副总编/主编"/>
    <subitem value="351" text="编辑/作家/撰稿人"/>
    <subitem value="352" text="文案/策划"/>
    <subitem value="353" text="艺术/设计"/>
    <subitem value="354" text="排版设计/完稿"/>
    <subitem value="355" text="校对/录入"/>
    <subitem value="356" text="出版/印刷/发行"/>
    <subitem value="357" text="导演/编导/影视制作"/>
    <subitem value="358" text="摄影师/记者"/>
    <subitem value="359" text="主持人/演员/模特/配音"/>
    <subitem value="360" text="经纪人"/>
    <subitem value="361" text="后期制作/音效师"/>
    <subitem value="362" text="化妆师/造型师/服装/道具"/>
    <subitem value="363" text="其他"/>
  </item>
  <item value="364" text="化工" >
    <subitem value="365" text="化工工程师"/>
    <subitem value="366" text="化学制剂研发"/>
    <subitem value="367" text="化学操作"/>
    <subitem value="368" text="化学分析"/>
    <subitem value="369" text="化学技术"/>
    <subitem value="370" text="其他"/>
  </item>
  <item value="371" text="医疗/护理/保健/美容" >
    <subitem value="372" text="医疗管理人员"/>
    <subitem value="373" text="医生/医师"/>
    <subitem value="374" text="心理医生"/>
    <subitem value="375" text="药库主任/药剂师"/>
    <subitem value="376" text="护士/护理人员"/>
    <subitem value="377" text="医药质检"/>
    <subitem value="378" text="医药代表"/>
    <subitem value="379" text="针灸推拿"/>
    <subitem value="380" text="健身教练"/>
    <subitem value="381" text="美容师/整形师"/>
    <subitem value="382" text="宠物护理/兽医"/>
    <subitem value="383" text="其他"/>
  </item>
  <item value="384" text="翻译（口译与笔译）" >
    <subitem value="385" text="英语类"/>
    <subitem value="386" text="日语类"/>
    <subitem value="387" text="德语类"/>
    <subitem value="388" text="法语类"/>
    <subitem value="389" text="俄语类"/>
    <subitem value="390" text="韩语类"/>
    <subitem value="391" text="其他语种类"/>
  </item>
  <item value="392" text="环境科学/环保" >
    <subitem value="393" text="环境管理/保护"/>
    <subitem value="394" text="环境工程技术/园林景区"/>
    <subitem value="395" text="环保技术"/>
    <subitem value="396" text="其他"/>
  </item>
  <item value="397" text="兼职/临时/培训生/储备干部" >
    <subitem value="398" text="兼职/临时"/>
    <subitem value="399" text="培训生"/>
    <subitem value="400" text="储备干部"/>
    <subitem value="401" text="其他"/>
  </item>
  <item value="402" text="其他" >
    <subitem value="403" text="航空航天"/>
    <subitem value="404" text="测绘技术"/>
    <subitem value="405" text="安全消防"/>
    <subitem value="406" text="气象"/>
    <subitem value="407" text="声光学技术?激光技术"/>
    <subitem value="408" text="其他"/>
  </item>
</items>
