﻿<?xml version="1.0" encoding="utf-8"?>
<items value="0">
  <item value="1" text="人物">
    <subitem value="2" text="艺术领域">
      <subitem value="3" text="画家" />
      <subitem value="4" text="明星" />
      <subitem value="5" text="童星" />
      <subitem value="6" text="演员" />
      <subitem value="7" text="雕刻家" />
      <subitem value="8" text="雕塑家" />
      <subitem value="9" text="钢琴家" />
      <subitem value="10" text="歌唱家" />
      <subitem value="11" text="舞蹈家" />
      <subitem value="12" text="剧作家" />
      <subitem value="13" text="设计师" />
      <subitem value="14" text="艺术家" />
      <subitem value="15" text="演奏家" />
      <subitem value="16" text="指挥家" />
      <subitem value="17" text="词作家" />
      <subitem value="18" text="音乐家" />
      <subitem value="19" text="作曲家" />
      <subitem value="20" text="摄影师" />
      <subitem value="21" text="戏剧家" />
      <subitem value="22" text="戏曲家" />
      <subitem value="23" text="园艺师" />
      <subitem value="24" text="茶艺师" />
      <subitem value="25" text="工艺师" />
      <subitem value="26" text="建筑学家" />
      <subitem value="27" text="民间艺人" />
      <subitem value="28" text="理论评论家" />
      <subitem value="29" text="音乐教育家" />
      <subitem value="30" text="造型艺术家" />
      <subitem value="31" text="表演艺术家" />
    </subitem>
    <subitem value="32" text="文学领域">
      <subitem value="33" text="学者" />
      <subitem value="34" text="作家" />
      <subitem value="35" text="诗人" />
      <subitem value="36" text="翻译家" />
      <subitem value="37" text="散文家" />
      <subitem value="38" text="小说家" />
      <subitem value="39" text="哲学家" />
      <subitem value="40" text="书法家" />
      <subitem value="41" text="思想家" />
      <subitem value="42" text="文学家" />
      <subitem value="43" text="宋四家" />
      <subitem value="44" text="元四家" />
      <subitem value="45" text="明四家" />
      <subitem value="46" text="文字学家" />
      <subitem value="47" text="网络作家" />
      <subitem value="48" text="语言学家" />
      <subitem value="49" text="桐城三祖" />
      <subitem value="50" text="初唐四杰" />
      <subitem value="51" text="诸子百家" />
      <subitem value="52" text="竹林七贤" />
      <subitem value="53" text="建安七子" />
      <subitem value="54" text="扬州八怪" />
      <subitem value="55" text="六朝四大家" />
      <subitem value="56" text="汉赋四大家" />
      <subitem value="57" text="元曲四大家" />
      <subitem value="58" text="唐宋八大家" />
      <subitem value="59" text="金陵十二钗" />
      <subitem value="60" text="一百零八将" />
      <subitem value="61" text="江南四大才子" />
      <subitem value="62" text="诺贝尔文学奖得主" />
    </subitem>
    <subitem value="63" text="军事领域">
      <subitem value="64" text="将军" />
      <subitem value="65" text="将领" />
      <subitem value="66" text="军事家" />
      <subitem value="67" text="八司马" />
      <subitem value="68" text="江夏八俊" />
      <subitem value="69" text="春秋五霸" />
      <subitem value="70" text="革命烈士" />
      <subitem value="71" text="民族英雄" />
      <subitem value="72" text="战国四公子" />
      <subitem value="73" text="蜀汉五虎将" />
      <subitem value="74" text="西园八校尉" />
      <subitem value="75" text="韩遂八部将" />
      <subitem value="76" text="十八路诸侯" />
      <subitem value="77" text="维新四公子" />
      <subitem value="78" text="戊戌六君子" />
      <subitem value="79" text="七十二烈士" />
      <subitem value="80" text="云台二十八将" />
    </subitem>
    <subitem value="81" text="科学领域">
      <subitem value="82" text="科学家" />
      <subitem value="83" text="发明家" />
      <subitem value="84" text="化学家" />
      <subitem value="85" text="教育家" />
      <subitem value="86" text="数学家" />
      <subitem value="87" text="考古学家" />
      <subitem value="88" text="历史学家" />
      <subitem value="89" text="植物学家" />
      <subitem value="90" text="气象学家" />
      <subitem value="91" text="生物学家" />
      <subitem value="92" text="天文学家" />
      <subitem value="93" text="物理学家" />
      <subitem value="94" text="中国科学院院士" />
      <subitem value="95" text="中国工程院院士" />
      <subitem value="96" text="诺贝尔化学奖得主" />
      <subitem value="97" text="诺贝尔物理学奖得主" />
      <subitem value="98" text="诺贝尔经济学奖得主" />
      <subitem value="99" text="诺贝尔生理学或医学奖得主" />
    </subitem>
    <subitem value="100" text="人文领域">
      <subitem value="101" text="皇帝" />
      <subitem value="102" text="总统" />
      <subitem value="103" text="首相" />
      <subitem value="104" text="女王" />
      <subitem value="105" text="王妃" />
      <subitem value="106" text="王子" />
      <subitem value="107" text="教师" />
      <subitem value="108" text="球星" />
      <subitem value="109" text="大臣" />
      <subitem value="110" text="宦官" />
      <subitem value="111" text="使节" />
      <subitem value="112" text="领导人" />
      <subitem value="113" text="法学家" />
      <subitem value="114" text="改革家" />
      <subitem value="115" text="医学家" />
      <subitem value="116" text="汉学家" />
      <subitem value="117" text="佛学家" />
      <subitem value="118" text="儒学家" />
      <subitem value="119" text="政治家" />
      <subitem value="120" text="政论家" />
      <subitem value="121" text="武术家" />
      <subitem value="122" text="运动员" />
      <subitem value="123" text="经济学家" />
      <subitem value="124" text="政治学家" />
      <subitem value="125" text="社会学家" />
      <subitem value="126" text="民俗学家" />
      <subitem value="127" text="古代皇后" />
      <subitem value="128" text="古代嫔妃" />
      <subitem value="129" text="古代皇子" />
      <subitem value="130" text="诺贝尔和平奖得主" />
    </subitem>
  </item>
  <item value="131" text="文化">
    <subitem value="132" text="文学">
      <subitem value="133" text="诗词" />
      <subitem value="134" text="唐诗" />
      <subitem value="135" text="宋词" />
      <subitem value="136" text="元曲" />
      <subitem value="137" text="小说" />
      <subitem value="138" text="散文" />
      <subitem value="139" text="诗歌" />
      <subitem value="140" text="杂文" />
      <subitem value="141" text="成语" />
      <subitem value="142" text="词汇" />
      <subitem value="143" text="书籍" />
      <subitem value="144" text="剧本" />
      <subitem value="145" text="谜格" />
      <subitem value="146" text="五格" />
      <subitem value="147" text="俗语" />
      <subitem value="148" text="寓言" />
      <subitem value="149" text="故事" />
      <subitem value="150" text="传说" />
      <subitem value="151" text="女书" />
      <subitem value="152" text="谚语" />
      <subitem value="153" text="俚语" />
      <subitem value="154" text="歇后语" />
      <subitem value="155" text="四大名著" />
      <subitem value="156" text="四书五经" />
      <subitem value="157" text="二十四史" />
      <subitem value="158" text="六才子书" />
      <subitem value="159" text="三言二拍" />
      <subitem value="160" text="雪域文化" />
      <subitem value="161" text="世界名著" />
      <subitem value="162" text="晚清四大谴责小说" />
    </subitem>
    <subitem value="163" text="文物古迹">
      <subitem value="164" text="遗址" />
      <subitem value="165" text="遗迹" />
      <subitem value="166" text="考古" />
      <subitem value="167" text="古董" />
      <subitem value="168" text="文化古迹" />
      <subitem value="169" text="人文景观" />
      <subitem value="170" text="文化遗产" />
      <subitem value="171" text="自然遗产" />
      <subitem value="172" text="自然景观" />
      <subitem value="173" text="自然保护区" />
      <subitem value="174" text="世界文化遗产" />
      <subitem value="175" text="全国重点文物保护单位" />
    </subitem>
    <subitem value="176" text="百家">
      <subitem value="177" text="儒家" />
      <subitem value="178" text="法家" />
      <subitem value="179" text="墨家" />
      <subitem value="180" text="道家" />
      <subitem value="181" text="名家" />
      <subitem value="182" text="杂家" />
      <subitem value="183" text="农家" />
      <subitem value="184" text="兵家" />
      <subitem value="185" text="阴阳家" />
      <subitem value="186" text="纵横家" />
    </subitem>
    <subitem value="187" text="学派">
      <subitem value="188" text="法学学派" />
      <subitem value="189" text="科学学派" />
      <subitem value="190" text="历史学派" />
      <subitem value="191" text="经济学派" />
      <subitem value="192" text="数学学派" />
      <subitem value="193" text="哲学学派" />
      <subitem value="194" text="学术学派" />
      <subitem value="195" text="语言学派" />
      <subitem value="196" text="宗教学派" />
      <subitem value="197" text="教法学派" />
      <subitem value="198" text="佛教学派" />
      <subitem value="199" text="政治学派" />
      <subitem value="200" text="建筑学派" />
      <subitem value="201" text="管理学派" />
      <subitem value="202" text="民族学学派" />
    </subitem>
    <subitem value="203" text="宗教">
      <subitem value="204" text="佛教" />
      <subitem value="205" text="道教" />
      <subitem value="206" text="新教" />
      <subitem value="207" text="庙宇" />
      <subitem value="208" text="圣经" />
      <subitem value="209" text="基督教" />
      <subitem value="210" text="天主教" />
      <subitem value="211" text="东正教" />
      <subitem value="212" text="印度教" />
      <subitem value="213" text="锡克教" />
      <subitem value="214" text="穆斯林" />
      <subitem value="215" text="犹太教" />
      <subitem value="216" text="婆罗门教" />
      <subitem value="217" text="伊斯兰教" />
      <subitem value="218" text="藏传佛教" />
      <subitem value="219" text="四大佛教名山" />
    </subitem>
    <subitem value="220" text="语种">
      <subitem value="221" text="印欧语系" />
      <subitem value="222" text="汉藏语系" />
      <subitem value="223" text="阿尔泰语系" />
      <subitem value="224" text="闪含语系" />
      <subitem value="225" text="德拉维达语系" />
      <subitem value="226" text="高加索语系" />
      <subitem value="227" text="乌拉尔语系" />
      <subitem value="228" text="汉语" />
      <subitem value="229" text="英语" />
      <subitem value="230" text="德语" />
      <subitem value="231" text="法语" />
      <subitem value="232" text="韩语" />
      <subitem value="233" text="日语" />
      <subitem value="234" text="西班牙语" />
      <subitem value="235" text="葡萄牙语" />
    </subitem>
  </item>
  <item value="236" text="技术">
    <subitem value="237" text="互联网">
      <subitem value="238" text="IT" />
      <subitem value="239" text="web" />
      <subitem value="240" text="编程" />
      <subitem value="241" text="木马" />
      <subitem value="242" text="下载" />
      <subitem value="243" text="域名" />
      <subitem value="244" text="视频" />
      <subitem value="245" text="宽带" />
      <subitem value="246" text="数据库" />
      <subitem value="247" text="IP地址" />
      <subitem value="248" text="网络电话" />
      <subitem value="249" text="搜索引擎" />
      <subitem value="250" text="电子商务" />
    </subitem>
    <subitem value="251" text="数码">
      <subitem value="252" text="DV" />
      <subitem value="253" text="mp3" />
      <subitem value="254" text="mp4" />
      <subitem value="255" text="DVD" />
      <subitem value="256" text="VCD" />
      <subitem value="257" text="电话" />
      <subitem value="258" text="刻录机" />
      <subitem value="259" text="移动电话" />
      <subitem value="260" text="数码相机" />
    </subitem>
    <subitem value="261" text="软件">
      <subitem value="262" text="杀毒" />
      <subitem value="263" text="浏览器" />
      <subitem value="264" text="操作系统" />
      <subitem value="265" text="系统进程" />
      <subitem value="266" text="文件格式" />
      <subitem value="267" text="办公软件" />
      <subitem value="268" text="软件解码" />
      <subitem value="269" text="多媒体应用" />
    </subitem>
    <subitem value="270" text="硬件">
      <subitem value="271" text="电脑" />
      <subitem value="272" text="CPU" />
      <subitem value="273" text="主板" />
      <subitem value="274" text="显卡" />
      <subitem value="275" text="光驱" />
      <subitem value="276" text="鼠标" />
      <subitem value="277" text="内存" />
      <subitem value="278" text="声卡" />
      <subitem value="279" text="网卡" />
      <subitem value="280" text="键盘" />
      <subitem value="281" text="硬盘" />
      <subitem value="282" text="U盘" />
      <subitem value="283" text="显示器" />
      <subitem value="284" text="摄像头" />
      <subitem value="285" text="移动硬盘" />
      <subitem value="286" text="笔记本电脑" />
    </subitem>
    <subitem value="287" text="机械工程">
      <subitem value="288" text="数控" />
      <subitem value="289" text="液压" />
      <subitem value="290" text="能源" />
      <subitem value="291" text="工具" />
      <subitem value="292" text="机械" />
      <subitem value="293" text="工程" />
      <subitem value="294" text="自动化" />
      <subitem value="295" text="工程力学" />
      <subitem value="296" text="水利工程" />
      <subitem value="297" text="化学工程" />
      <subitem value="298" text="机械原理" />
      <subitem value="299" text="机械标准" />
      <subitem value="300" text="机械设计" />
      <subitem value="301" text="机械制造" />
      <subitem value="302" text="往复机械" />
      <subitem value="303" text="动力机械" />
      <subitem value="304" text="粉碎机械" />
      <subitem value="305" text="农业机械" />
      <subitem value="306" text="矿山机械" />
      <subitem value="307" text="纺织机械" />
      <subitem value="308" text="热力机械" />
      <subitem value="309" text="流体机械" />
      <subitem value="310" text="仿生机械" />
      <subitem value="311" text="透平机械" />
      <subitem value="312" text="物料搬运机械" />
      <subitem value="313" text="土木建筑工程" />
    </subitem>
  </item>
  <item value="314" text="历史">
    <subitem value="315" text="远古史">
      <subitem value="316" text="冥古代" />
      <subitem value="317" text="太古代" />
      <subitem value="318" text="元古代" />
      <subitem value="319" text="震旦纪" />
      <subitem value="320" text="古生代" />
      <subitem value="321" text="寒武纪" />
      <subitem value="322" text="奥陶纪" />
      <subitem value="323" text="志留纪" />
      <subitem value="324" text="石炭纪" />
      <subitem value="325" text="二叠纪" />
      <subitem value="326" text="中生代" />
      <subitem value="327" text="三叠纪" />
      <subitem value="328" text="侏罗纪" />
      <subitem value="329" text="白垩纪" />
      <subitem value="330" text="新生代" />
      <subitem value="331" text="第三纪" />
      <subitem value="332" text="古新世" />
      <subitem value="333" text="始新世" />
      <subitem value="334" text="渐新世" />
      <subitem value="335" text="中新世" />
      <subitem value="336" text="上新世" />
      <subitem value="337" text="第四纪" />
    </subitem>
    <subitem value="338" text="中国古代史">
      <subitem value="339" text="三皇" />
      <subitem value="340" text="五帝" />
      <subitem value="341" text="夏朝" />
      <subitem value="342" text="商朝" />
      <subitem value="343" text="西周" />
      <subitem value="344" text="东周" />
      <subitem value="345" text="春秋" />
      <subitem value="346" text="战国" />
      <subitem value="347" text="秦朝" />
      <subitem value="348" text="西汉" />
      <subitem value="349" text="东汉" />
      <subitem value="350" text="魏" />
      <subitem value="351" text="蜀" />
      <subitem value="352" text="吴" />
      <subitem value="353" text="西晋" />
      <subitem value="354" text="东晋" />
      <subitem value="355" text="五胡" />
      <subitem value="356" text="十六国" />
      <subitem value="357" text="南北朝" />
      <subitem value="358" text="隋" />
      <subitem value="359" text="唐" />
      <subitem value="360" text="五代十国" />
      <subitem value="361" text="北宋" />
      <subitem value="362" text="南宋" />
      <subitem value="363" text="元" />
      <subitem value="364" text="明" />
      <subitem value="365" text="清" />
    </subitem>
    <subitem value="366" text="中国近现代史">
      <subitem value="367" text="洋务运动" />
      <subitem value="368" text="中法战争" />
      <subitem value="369" text="甲午中日战争" />
      <subitem value="370" text="戊戌变法" />
      <subitem value="371" text="八国联军侵华战争" />
      <subitem value="372" text="辛亥革命" />
      <subitem value="373" text="中华民国" />
      <subitem value="374" text="北洋军阀" />
      <subitem value="375" text="新文化运动" />
      <subitem value="376" text="五四运动" />
      <subitem value="377" text="国共合作" />
      <subitem value="378" text="四大家族" />
      <subitem value="379" text="国民革命运动" />
      <subitem value="380" text="长征" />
      <subitem value="381" text="抗日战争" />
      <subitem value="382" text="卢沟桥事变" />
      <subitem value="383" text="南京大屠杀" />
      <subitem value="384" text="百团大战" />
      <subitem value="385" text="解放战争" />
      <subitem value="386" text="大决战" />
      <subitem value="387" text="新中国" />
    </subitem>
    <subitem value="388" text="世界历史">
      <subitem value="389" text="文艺复兴" />
      <subitem value="390" text="宗教改革" />
      <subitem value="391" text="资产阶级革命" />
      <subitem value="392" text="启蒙运动" />
      <subitem value="393" text="法国大革命" />
      <subitem value="394" text="北美独立战争" />
      <subitem value="395" text="第一次工业革命" />
      <subitem value="396" text="社会主义运动" />
      <subitem value="397" text="亚洲革命风暴" />
      <subitem value="398" text="第二次工业革命" />
      <subitem value="399" text="第一次世界大战" />
      <subitem value="400" text="十月革命" />
      <subitem value="401" text="第二次世界大战" />
      <subitem value="402" text="东欧剧变" />
      <subitem value="403" text="第三世界" />
    </subitem>
  </item>
  <item value="404" text="艺术">
    <subitem value="405" text="建筑">
      <subitem value="406" text="桥梁" />
      <subitem value="407" text="雕塑" />
      <subitem value="408" text="园艺" />
      <subitem value="409" text="教堂" />
      <subitem value="410" text="宫殿" />
      <subitem value="411" text="城堡" />
      <subitem value="412" text="寺庙" />
      <subitem value="413" text="宝塔" />
      <subitem value="414" text="碑林" />
      <subitem value="415" text="南三阁" />
      <subitem value="416" text="北四阁" />
      <subitem value="417" text="江南四大名楼" />
      <subitem value="418" text="世界七大奇迹" />
      <subitem value="419" text="世界十大雕塑" />
    </subitem>
    <subitem value="420" text="书画">
      <subitem value="421" text="绘画" />
      <subitem value="422" text="流派" />
      <subitem value="423" text="美术" />
      <subitem value="424" text="美学" />
      <subitem value="425" text="书法" />
      <subitem value="426" text="甲骨文" />
      <subitem value="427" text="金文" />
      <subitem value="428" text="油画" />
      <subitem value="429" text="画院" />
      <subitem value="430" text="文房四宝" />
    </subitem>
    <subitem value="431" text="娱乐">
      <subitem value="432" text="电影" />
      <subitem value="433" text="动画" />
      <subitem value="434" text="漫画" />
      <subitem value="435" text="摄影" />
      <subitem value="436" text="摇滚" />
      <subitem value="437" text="音乐" />
      <subitem value="438" text="乐器" />
      <subitem value="439" text="相声" />
      <subitem value="440" text="评书" />
      <subitem value="441" text="歌剧" />
      <subitem value="442" text="话剧" />
      <subitem value="443" text="大鼓" />
      <subitem value="444" text="戏剧" />
      <subitem value="445" text="舞蹈" />
      <subitem value="446" text="杂技" />
      <subitem value="447" text="魔术" />
      <subitem value="448" text="乐理" />
      <subitem value="449" text="皮影戏" />
      <subitem value="450" text="地方戏" />
      <subitem value="451" text="故事片" />
      <subitem value="452" text="电影节" />
      <subitem value="453" text="电视剧" />
      <subitem value="454" text="百老汇" />
      <subitem value="455" text="电影术语" />
      <subitem value="456" text="怀旧歌曲" />
      <subitem value="457" text="民族舞蹈" />
      <subitem value="458" text="民族乐器" />
      <subitem value="459" text="戏曲科班" />
      <subitem value="460" text="世界四大电影节" />
      <subitem value="461" text="中国四大电影节" />
    </subitem>
    <subitem value="462" text="工艺品">
      <subitem value="463" text="刺绣" />
      <subitem value="464" text="布艺" />
      <subitem value="465" text="陶艺" />
      <subitem value="466" text="陶俑" />
      <subitem value="467" text="泥塑" />
      <subitem value="468" text="彩绘" />
      <subitem value="469" text="漆器" />
      <subitem value="470" text="雕刻" />
      <subitem value="471" text="蜡染" />
      <subitem value="472" text="纹饰" />
      <subitem value="473" text="米塑" />
      <subitem value="474" text="瓷器" />
      <subitem value="475" text="陶器" />
      <subitem value="476" text="器皿" />
      <subitem value="477" text="编织" />
      <subitem value="478" text="面塑" />
      <subitem value="479" text="藤编" />
      <subitem value="480" text="竹编" />
      <subitem value="481" text="唐卡" />
      <subitem value="482" text="折纸" />
      <subitem value="483" text="印染" />
      <subitem value="484" text="景泰蓝" />
      <subitem value="485" text="唐三彩" />
      <subitem value="486" text="金银器" />
      <subitem value="487" text="工艺美术" />
      <subitem value="488" text="四大名绣" />
      <subitem value="489" text="宜兴紫砂陶" />
      <subitem value="490" text="剪纸" />
    </subitem>
  </item>
  <item value="491" text="教育">
    <subitem value="492" text="基础教育">
      <subitem value="493" text="托儿所" />
      <subitem value="494" text="幼儿园" />
      <subitem value="495" text="学前班" />
      <subitem value="496" text="小学" />
      <subitem value="497" text="初中" />
    </subitem>
    <subitem value="498" text="高等教育">
      <subitem value="499" text="高中" />
      <subitem value="500" text="专科" />
      <subitem value="501" text="本科" />
      <subitem value="502" text="研究生" />
      <subitem value="503" text="硕士生" />
      <subitem value="504" text="博士生" />
      <subitem value="505" text="博士后" />
      <subitem value="506" text="职业高中" />
      <subitem value="507" text="电视大学" />
      <subitem value="508" text="技术学校" />
    </subitem>
    <subitem value="509" text="职业培训">
      <subitem value="510" text="GRE" />
      <subitem value="511" text="托福" />
      <subitem value="512" text="雅思" />
      <subitem value="513" text="成人高考" />
      <subitem value="514" text="网络大学" />
      <subitem value="515" text="自学考试" />
      <subitem value="516" text="广播学院" />
      <subitem value="517" text="计算机等级考试" />
    </subitem>
    <subitem value="518" text="教育机构">
      <subitem value="519" text="院校" />
      <subitem value="520" text="名校" />
      <subitem value="521" text="教育局" />
      <subitem value="522" text="文化局" />
    </subitem>
  </item>
  <item value="523" text="地理">
    <subitem value="524" text="水域">
      <subitem value="525" text="海域" />
      <subitem value="526" text="河流" />
      <subitem value="527" text="运河" />
      <subitem value="528" text="瀑布" />
      <subitem value="529" text="海沟" />
      <subitem value="530" text="海岭" />
      <subitem value="531" text="海峡" />
      <subitem value="532" text="岛弧" />
      <subitem value="533" text="洋盆" />
      <subitem value="534" text="滩涂" />
      <subitem value="535" text="岛屿" />
      <subitem value="536" text="湖泊" />
      <subitem value="537" text="温泉" />
      <subitem value="538" text="水文" />
      <subitem value="539" text="中水" />
      <subitem value="540" text="大西洋" />
      <subitem value="541" text="北冰洋" />
      <subitem value="542" text="太平洋" />
      <subitem value="543" text="印度洋" />
      <subitem value="544" text="大陆架" />
      <subitem value="545" text="海岸带" />
      <subitem value="546" text="地下水" />
      <subitem value="547" text="流水域" />
      <subitem value="548" text="大陆边缘" />
      <subitem value="549" text="深海平原" />
      <subitem value="550" text="海底山脉" />
      <subitem value="551" text="北美洲五大湖" />
    </subitem>
    <subitem value="552" text="地貌">
      <subitem value="553" text="大陆" />
      <subitem value="554" text="山地" />
      <subitem value="555" text="山脉" />
      <subitem value="556" text="高原" />
      <subitem value="557" text="平原" />
      <subitem value="558" text="丘陵" />
      <subitem value="559" text="海洋" />
      <subitem value="560" text="盆地" />
      <subitem value="561" text="洼地" />
      <subitem value="562" text="河谷" />
      <subitem value="563" text="沙丘" />
      <subitem value="564" text="沙漠" />
      <subitem value="565" text="台地" />
      <subitem value="566" text="沙地" />
      <subitem value="567" text="荒漠" />
      <subitem value="568" text="戈壁" />
      <subitem value="569" text="熔岩" />
      <subitem value="570" text="冰川" />
      <subitem value="571" text="火山" />
      <subitem value="572" text="沼泽" />
      <subitem value="573" text="湿地" />
      <subitem value="574" text="五岳" />
      <subitem value="575" text="七大洲" />
      <subitem value="576" text="四大高原" />
      <subitem value="577" text="四大平原" />
      <subitem value="578" text="四大盆地" />
    </subitem>
    <subitem value="579" text="矿物">
      <subitem value="580" text="岩石" />
      <subitem value="581" text="宝石" />
      <subitem value="582" text="矿石" />
      <subitem value="583" text="玉石" />
      <subitem value="584" text="地质" />
      <subitem value="585" text="金属" />
      <subitem value="586" text="有色金属" />
      <subitem value="587" text="稀有金属" />
    </subitem>
    <subitem value="588" text="省市">
      <subitem value="589" text="直辖市" />
      <subitem value="590" text="安徽" />
      <subitem value="591" text="福建" />
      <subitem value="592" text="甘肃" />
      <subitem value="593" text="广东" />
      <subitem value="594" text="广西" />
      <subitem value="595" text="贵州" />
      <subitem value="596" text="海南" />
      <subitem value="597" text="河北" />
      <subitem value="598" text="河南" />
      <subitem value="599" text="黑龙江" />
      <subitem value="600" text="湖北" />
      <subitem value="601" text="湖南" />
      <subitem value="602" text="吉林" />
      <subitem value="603" text="江苏" />
      <subitem value="604" text="江西" />
      <subitem value="605" text="辽宁" />
      <subitem value="606" text="内蒙古" />
      <subitem value="607" text="宁夏" />
      <subitem value="608" text="青海" />
      <subitem value="609" text="山东" />
      <subitem value="610" text="山西" />
      <subitem value="611" text="四川" />
      <subitem value="612" text="陕西" />
      <subitem value="613" text="西藏" />
      <subitem value="614" text="新疆" />
      <subitem value="615" text="云南" />
      <subitem value="616" text="浙江" />
      <subitem value="617" text="台湾" />
      <subitem value="618" text="行政区划" />
    </subitem>
    <subitem value="619" text="国家">
      <subitem value="620" text="中国" />
      <subitem value="621" text="阿根廷" />
      <subitem value="622" text="埃及" />
      <subitem value="623" text="奥地利" />
      <subitem value="624" text="澳大利亚" />
      <subitem value="625" text="巴西" />
      <subitem value="626" text="朝鲜" />
      <subitem value="627" text="丹麦" />
      <subitem value="628" text="德国" />
      <subitem value="629" text="俄罗斯" />
      <subitem value="630" text="法国" />
      <subitem value="631" text="芬兰" />
      <subitem value="632" text="哥伦比亚" />
      <subitem value="633" text="韩国" />
      <subitem value="634" text="荷兰" />
      <subitem value="635" text="加拿大" />
      <subitem value="636" text="马来西亚" />
      <subitem value="637" text="美国" />
      <subitem value="638" text="墨西哥" />
      <subitem value="639" text="葡萄牙" />
      <subitem value="640" text="日本" />
      <subitem value="641" text="瑞典" />
      <subitem value="642" text="瑞士" />
      <subitem value="643" text="泰国" />
      <subitem value="644" text="西班牙" />
      <subitem value="645" text="希腊" />
      <subitem value="646" text="新加坡" />
      <subitem value="647" text="意大利" />
      <subitem value="648" text="印度" />
      <subitem value="649" text="英国" />
    </subitem>
  </item>
  <item value="650" text="社会">
    <subitem value="651" text="军事">
      <subitem value="652" text="兵器" />
      <subitem value="653" text="武器" />
      <subitem value="654" text="战争" />
      <subitem value="655" text="军队" />
      <subitem value="656" text="坦克" />
      <subitem value="657" text="航母" />
      <subitem value="658" text="潜艇" />
      <subitem value="659" text="火箭" />
      <subitem value="660" text="核武器" />
      <subitem value="661" text="战斗机" />
      <subitem value="662" text="航天飞机" />
    </subitem>
    <subitem value="663" text="机构">
      <subitem value="664" text="企业" />
      <subitem value="665" text="银行" />
      <subitem value="666" text="组织" />
      <subitem value="667" text="官职" />
      <subitem value="668" text="外交" />
      <subitem value="669" text="联合国" />
      <subitem value="670" text="博物馆" />
      <subitem value="671" text="基金会" />
      <subitem value="672" text="纪念馆" />
      <subitem value="673" text="军事组织" />
      <subitem value="674" text="组织机构" />
      <subitem value="675" text="职能部门" />
      <subitem value="676" text="诺贝尔奖" />
    </subitem>
    <subitem value="677" text="民族">
      <subitem value="678" text="汉族" />
      <subitem value="679" text="民俗" />
      <subitem value="680" text="风俗" />
      <subitem value="681" text="婚俗" />
      <subitem value="682" text="姓氏" />
      <subitem value="683" text="习俗" />
      <subitem value="684" text="百家姓" />
      <subitem value="685" text="民族服饰" />
    </subitem>
    <subitem value="686" text="政法">
      <subitem value="687" text="宪法" />
      <subitem value="688" text="刑法" />
      <subitem value="689" text="民法" />
      <subitem value="690" text="行政法" />
      <subitem value="691" text="劳动法" />
      <subitem value="692" text="经济法" />
      <subitem value="693" text="外交法" />
      <subitem value="694" text="大陆法系" />
      <subitem value="695" text="英美法系" />
    </subitem>
    <subitem value="696" text="金融">
      <subitem value="697" text="股票" />
      <subitem value="698" text="贸易" />
      <subitem value="699" text="钱币" />
      <subitem value="700" text="铸币" />
      <subitem value="701" text="税收" />
      <subitem value="702" text="营销" />
      <subitem value="703" text="证券" />
      <subitem value="704" text="国际贸易" />
      <subitem value="705" text="经济开发区" />
    </subitem>
  </item>
  <item value="706" text="生活">
    <subitem value="707" text="饮食">
      <subitem value="708" text="烹饪" />
      <subitem value="709" text="湘菜" />
      <subitem value="710" text="川菜" />
      <subitem value="711" text="浙菜" />
      <subitem value="712" text="苏菜" />
      <subitem value="713" text="闽菜" />
      <subitem value="714" text="鲁菜" />
      <subitem value="715" text="徽菜" />
      <subitem value="716" text="粤菜" />
      <subitem value="717" text="西餐" />
      <subitem value="718" text="西点" />
      <subitem value="719" text="小吃" />
      <subitem value="720" text="药膳" />
      <subitem value="721" text="老字号" />
      <subitem value="722" text="私房菜" />
      <subitem value="723" text="满汉全席" />
    </subitem>
    <subitem value="724" text="游戏">
      <subitem value="725" text="网络游戏" />
      <subitem value="726" text="单机游戏" />
      <subitem value="727" text="休闲游戏" />
      <subitem value="728" text="电子竞技" />
      <subitem value="729" text="电视游戏" />
      <subitem value="730" text="手机游戏" />
      <subitem value="731" text="益智游戏" />
      <subitem value="732" text="格斗游戏" />
      <subitem value="733" text="赛车游戏" />
      <subitem value="734" text="射击游戏" />
      <subitem value="735" text="战略游戏" />
      <subitem value="736" text="RPG游戏" />
      <subitem value="737" text="桌面游戏" />
    </subitem>
    <subitem value="738" text="休闲">
      <subitem value="739" text="旅游" />
      <subitem value="740" text="探险" />
      <subitem value="741" text="茶艺" />
      <subitem value="742" text="插花" />
      <subitem value="743" text="购物" />
      <subitem value="744" text="美容" />
      <subitem value="745" text="运动" />
      <subitem value="746" text="塑身" />
      <subitem value="747" text="爱情" />
      <subitem value="748" text="节日" />
      <subitem value="749" text="情感" />
      <subitem value="750" text="工作" />
      <subitem value="751" text="婚姻" />
      <subitem value="752" text="野外生存" />
      <subitem value="753" text="西湖十景" />
    </subitem>
    <subitem value="754" text="时尚">
      <subitem value="755" text="流行" />
      <subitem value="756" text="另类" />
      <subitem value="757" text="涂鸦" />
      <subitem value="758" text="饰品" />
      <subitem value="759" text="模特" />
      <subitem value="760" text="茶道" />
      <subitem value="761" text="纹身" />
      <subitem value="762" text="手绘" />
      <subitem value="763" text="暴走" />
      <subitem value="764" text="自拍" />
      <subitem value="765" text="品牌" />
      <subitem value="766" text="泡吧" />
      <subitem value="767" text="奢侈品" />
      <subitem value="768" text="行为艺术" />
    </subitem>
    <subitem value="769" text="交通">
      <subitem value="770" text="汽车" />
      <subitem value="771" text="火车" />
      <subitem value="772" text="客机" />
      <subitem value="773" text="地铁" />
      <subitem value="774" text="车站" />
      <subitem value="775" text="名街" />
      <subitem value="776" text="磁悬浮" />
      <subitem value="777" text="交通地图" />
    </subitem>
  </item>
  <item value="778" text="自然">
    <subitem value="779" text="动物">
      <subitem value="780" text="恐龙" />
      <subitem value="781" text="昆虫" />
      <subitem value="782" text="鱼类" />
      <subitem value="783" text="鸟类" />
      <subitem value="784" text="犬类" />
      <subitem value="785" text="爬行类" />
      <subitem value="786" text="哺乳类" />
      <subitem value="787" text="无足类" />
      <subitem value="788" text="食肉类" />
      <subitem value="789" text="灵长类" />
      <subitem value="790" text="甲壳类" />
      <subitem value="791" text="偶蹄类" />
      <subitem value="792" text="奇蹄类" />
      <subitem value="793" text="食虫类" />
      <subitem value="794" text="古生物" />
      <subitem value="795" text="软体动物" />
      <subitem value="796" text="软骨鱼类" />
      <subitem value="797" text="硬骨鱼类" />
      <subitem value="798" text="原生动物" />
      <subitem value="799" text="节肢动物" />
      <subitem value="800" text="两栖动物" />
      <subitem value="801" text="珍禽异兽" />
      <subitem value="802" text="世界名犬" />
      <subitem value="803" text="珍稀濒危动物" />
    </subitem>
    <subitem value="804" text="植物">
      <subitem value="805" text="茶叶" />
      <subitem value="806" text="花卉" />
      <subitem value="807" text="乔木" />
      <subitem value="808" text="灌木" />
      <subitem value="809" text="藻类" />
      <subitem value="810" text="蕨类" />
      <subitem value="811" text="苔藓" />
      <subitem value="812" text="中草药" />
      <subitem value="813" text="草本植物" />
      <subitem value="814" text="木本植物" />
      <subitem value="815" text="孢子植物" />
      <subitem value="816" text="被子植物" />
      <subitem value="817" text="裸子植物" />
      <subitem value="818" text="多浆植物" />
      <subitem value="819" text="宿根植物" />
      <subitem value="820" text="藤本植物" />
    </subitem>
    <subitem value="821" text="微生物">
      <subitem value="822" text="真菌" />
      <subitem value="823" text="细菌" />
      <subitem value="824" text="古菌" />
      <subitem value="825" text="霉菌" />
      <subitem value="826" text="蓝藻" />
      <subitem value="827" text="病毒" />
      <subitem value="828" text="类病毒" />
      <subitem value="829" text="拟病毒" />
      <subitem value="830" text="亚病毒" />
      <subitem value="831" text="放线菌" />
      <subitem value="832" text="支原体" />
      <subitem value="833" text="衣原体" />
      <subitem value="834" text="螺旋体" />
      <subitem value="835" text="噬菌体" />
      <subitem value="836" text="酵母菌" />
      <subitem value="837" text="食用菌" />
      <subitem value="838" text="真核生物" />
      <subitem value="839" text="原核生物" />
      <subitem value="840" text="立克次体" />
    </subitem>
    <subitem value="841" text="人类">
      <subitem value="842" text="人体" />
      <subitem value="843" text="人种" />
      <subitem value="844" text="穴位" />
      <subitem value="845" text="器官" />
      <subitem value="846" text="智人" />
      <subitem value="847" text="能人" />
      <subitem value="848" text="元谋人" />
      <subitem value="849" text="蓝田人" />
      <subitem value="850" text="直立人" />
      <subitem value="851" text="山顶洞人" />
      <subitem value="852" text="南方古猿" />
      <subitem value="853" text="北京猿人" />
    </subitem>
    <subitem value="854" text="天文">
      <subitem value="855" text="星座" />
      <subitem value="856" text="彗星" />
      <subitem value="857" text="陨石" />
      <subitem value="858" text="星团" />
      <subitem value="859" text="星宿" />
      <subitem value="860" text="行星" />
      <subitem value="861" text="恒星" />
      <subitem value="862" text="卫星" />
      <subitem value="863" text="星云" />
      <subitem value="864" text="小行星" />
      <subitem value="865" text="太阳系" />
      <subitem value="866" text="银河系" />
      <subitem value="867" text="探测器" />
      <subitem value="868" text="八大行星" />
      <subitem value="869" text="天文术语" />
    </subitem>
    <subitem value="870" text="自然现象">
      <subitem value="871" text="节气" />
      <subitem value="872" text="气候" />
      <subitem value="873" text="地震" />
      <subitem value="874" text="洪水" />
      <subitem value="875" text="污染" />
      <subitem value="876" text="滑坡" />
      <subitem value="877" text="自然灾害" />
      <subitem value="878" text="超自然现象" />
    </subitem>
  </item>
  <item value="879" text="科学">
    <subitem value="880" text="数理化">
      <subitem value="881" text="定义" />
      <subitem value="882" text="定理" />
      <subitem value="883" text="公式" />
      <subitem value="884" text="公理" />
      <subitem value="885" text="拓扑" />
      <subitem value="886" text="代数" />
      <subitem value="887" text="几何" />
      <subitem value="888" text="辐射" />
      <subitem value="889" text="核能" />
      <subitem value="890" text="实验" />
      <subitem value="891" text="猜想" />
      <subitem value="892" text="热力学" />
      <subitem value="893" text="电磁学" />
      <subitem value="894" text="相对论" />
      <subitem value="895" text="分析学" />
      <subitem value="896" text="逻辑学" />
      <subitem value="897" text="集合论" />
      <subitem value="898" text="机率论" />
      <subitem value="899" text="核化学" />
      <subitem value="900" text="应用数学" />
      <subitem value="901" text="牛顿力学" />
      <subitem value="902" text="化学元素" />
      <subitem value="903" text="无机化学" />
      <subitem value="904" text="有机化学" />
      <subitem value="905" text="物理化学" />
      <subitem value="906" text="分析化学" />
      <subitem value="907" text="航空航天" />
      <subitem value="908" text="量子力学" />
      <subitem value="909" text="四大发明" />
    </subitem>
    <subitem value="910" text="医药学">
      <subitem value="911" text="药物" />
      <subitem value="912" text="中医" />
      <subitem value="913" text="生育" />
      <subitem value="914" text="超声" />
      <subitem value="915" text="农业" />
      <subitem value="916" text="药学" />
      <subitem value="917" text="病理学" />
      <subitem value="918" text="心理学" />
      <subitem value="919" text="法医学" />
      <subitem value="920" text="护理学" />
      <subitem value="921" text="药剂学" />
      <subitem value="922" text="药理学" />
      <subitem value="923" text="基础医学" />
      <subitem value="924" text="预防医学" />
      <subitem value="925" text="生物医学" />
      <subitem value="926" text="临床医学" />
      <subitem value="927" text="口腔医学" />
      <subitem value="928" text="医疗保健" />
      <subitem value="929" text="医学技术" />
      <subitem value="930" text="医疗器械" />
    </subitem>
    <subitem value="931" text="生物学">
      <subitem value="932" text="进化" />
      <subitem value="933" text="植物学" />
      <subitem value="934" text="孢粉学" />
      <subitem value="935" text="动物学" />
      <subitem value="936" text="基因学" />
      <subitem value="937" text="遗传学" />
      <subitem value="938" text="形态学" />
      <subitem value="939" text="习性学" />
      <subitem value="940" text="生理学" />
      <subitem value="941" text="细菌学" />
      <subitem value="942" text="细胞学" />
      <subitem value="943" text="免疫学" />
      <subitem value="944" text="生态学" />
      <subitem value="945" text="仿生学" />
      <subitem value="946" text="胚胎学" />
      <subitem value="947" text="优生学" />
      <subitem value="948" text="微生物学" />
      <subitem value="949" text="纳米科技" />
      <subitem value="950" text="生物数学" />
      <subitem value="951" text="生物声学" />
      <subitem value="952" text="生物化学" />
      <subitem value="953" text="生物力学" />
      <subitem value="954" text="细胞生物学" />
      <subitem value="955" text="分子生物学" />
      <subitem value="956" text="生物分类学" />
      <subitem value="957" text="生物物理学" />
      <subitem value="958" text="微生物生理学" />
      <subitem value="959" text="微生物遗传学" />
      <subitem value="960" text="悉生生物学" />
    </subitem>
    <subitem value="961" text="政治经济学">
      <subitem value="962" text="政治学" />
      <subitem value="963" text="经济学" />
      <subitem value="964" text="金融学" />
      <subitem value="965" text="商品学" />
      <subitem value="966" text="会计学" />
      <subitem value="967" text="统计学" />
      <subitem value="968" text="财政学" />
      <subitem value="969" text="企业管理" />
      <subitem value="970" text="政治思想" />
      <subitem value="971" text="政治制度" />
      <subitem value="972" text="行政管理" />
      <subitem value="973" text="国际政治" />
      <subitem value="974" text="基本理论" />
      <subitem value="975" text="世界经济" />
      <subitem value="976" text="工业经济" />
      <subitem value="977" text="农业经济" />
      <subitem value="978" text="商业经济" />
      <subitem value="979" text="运输经济" />
      <subitem value="980" text="城市经济" />
      <subitem value="981" text="技术经济学" />
      <subitem value="982" text="西方经济学" />
      <subitem value="983" text="国民经济学" />
      <subitem value="984" text="国防经济学" />
      <subitem value="985" text="应用经济学" />
      <subitem value="986" text="微观经济学" />
      <subitem value="987" text="宏观经济学" />
      <subitem value="988" text="区域经济学" />
      <subitem value="989" text="劳动经济学" />
      <subitem value="990" text="人口经济学" />
      <subitem value="991" text="中国经济史" />
    </subitem>
    <subitem value="992" text="系统科学">
      <subitem value="993" text="系统工程" />
    </subitem>
  </item>
  <item value="994" text="体育">
    <subitem value="995" text="田径运动">
      <subitem value="996" text="田径" />
      <subitem value="997" text="跳高" />
      <subitem value="998" text="跳远" />
      <subitem value="999" text="短跑" />
      <subitem value="1000" text="长跑" />
      <subitem value="1001" text="竞走" />
      <subitem value="1002" text="标枪" />
      <subitem value="1003" text="铁饼" />
      <subitem value="1004" text="链球" />
      <subitem value="1005" text="铅球" />
      <subitem value="1006" text="马拉松" />
      <subitem value="1007" text="三级跳远" />
      <subitem value="1008" text="十项全能" />
      <subitem value="1009" text="现代五项" />
      <subitem value="1010" text="铁人三项" />
      <subitem value="1011" text="七项全能" />
    </subitem>
    <subitem value="1012" text="球类运动">
      <subitem value="1013" text="足球" />
      <subitem value="1014" text="篮球" />
      <subitem value="1015" text="排球" />
      <subitem value="1016" text="网球" />
      <subitem value="1017" text="棒球" />
      <subitem value="1018" text="台球" />
      <subitem value="1019" text="冰球" />
      <subitem value="1020" text="马球" />
      <subitem value="1021" text="壁球" />
      <subitem value="1022" text="门球" />
      <subitem value="1023" text="垒球" />
      <subitem value="1024" text="藤球" />
      <subitem value="1025" text="橄榄球" />
      <subitem value="1026" text="乒乓球" />
      <subitem value="1027" text="羽毛球" />
      <subitem value="1028" text="高尔夫" />
      <subitem value="1029" text="曲棍球" />
      <subitem value="1030" text="沙滩排球" />
    </subitem>
    <subitem value="1031" text="水上项目">
      <subitem value="1032" text="游泳" />
      <subitem value="1033" text="跳水" />
      <subitem value="1034" text="潜水" />
      <subitem value="1035" text="赛艇" />
      <subitem value="1036" text="帆船" />
      <subitem value="1037" text="帆板" />
      <subitem value="1038" text="漂流" />
      <subitem value="1039" text="水球" />
      <subitem value="1040" text="皮划艇" />
      <subitem value="1041" text="花样游泳" />
    </subitem>
    <subitem value="1042" text="其他运动">
      <subitem value="1043" text="击剑" />
      <subitem value="1044" text="体操" />
      <subitem value="1045" text="摔跤" />
      <subitem value="1046" text="举重" />
      <subitem value="1047" text="拳击" />
      <subitem value="1048" text="射击" />
      <subitem value="1049" text="柔道" />
      <subitem value="1050" text="射箭" />
      <subitem value="1051" text="武术" />
      <subitem value="1052" text="马术" />
      <subitem value="1053" text="滑冰" />
      <subitem value="1054" text="健美" />
      <subitem value="1055" text="蹦床" />
      <subitem value="1056" text="空手道" />
      <subitem value="1057" text="跆拳道" />
      <subitem value="1058" text="自行车" />
      <subitem value="1059" text="卡巴迪" />
      <subitem value="1060" text="国际象棋" />
    </subitem>
    <subitem value="1061" text="极限运动">
      <subitem value="1062" text="滑板" />
      <subitem value="1063" text="轮滑" />
      <subitem value="1064" text="登山" />
      <subitem value="1065" text="滑雪" />
      <subitem value="1066" text="滑水" />
      <subitem value="1067" text="攀岩" />
      <subitem value="1068" text="蹦极" />
      <subitem value="1069" text="冲浪" />
      <subitem value="1070" text="小轮车" />
      <subitem value="1071" text="摩托艇" />
    </subitem>
    <subitem value="1072" text="体育组织">
      <subitem value="1073" text="NBA" />
      <subitem value="1074" text="中超" />
      <subitem value="1075" text="英超" />
      <subitem value="1076" text="西甲" />
      <subitem value="1077" text="意甲" />
      <subitem value="1078" text="德甲" />
      <subitem value="1079" text="奥运会" />
      <subitem value="1080" text="亚运会" />
      <subitem value="1081" text="冬奥会" />
      <subitem value="1082" text="残奥会" />
      <subitem value="1083" text="奥委会" />
      <subitem value="1084" text="世界杯" />
      <subitem value="1085" text="足球队" />
      <subitem value="1086" text="足球俱乐部" />
      <subitem value="1087" text="大学生运动会" />
    </subitem>
    <subitem value="1088" text="体育周边">
      <subitem value="1089" text="球类" />
      <subitem value="1090" text="户外" />
      <subitem value="1091" text="体育场馆" />
      <subitem value="1092" text="体育用品" />
      <subitem value="1093" text="体育器械" />
      <subitem value="1094" text="运动服饰" />
    </subitem>
  </item>
</items>