﻿<?xml version="1.0" encoding="utf-8"?>
<items>
  <item value="1" text="不限" />
  <item value="2" text="英语" />
  <item value="3" text="日语" />
  <item value="4" text="德语" />
  <item value="5" text="法语" />
  <item value="6" text="朝鲜语" />
  <item value="7" text="俄语" />
  <item value="8" text="西班牙语" />
  <item value="9" text="葡萄牙语" />
  <item value="10" text="阿拉伯语" />
  <item value="11" text="其它外语" />
  <item value="12" text="汉语普通话" />
  <item value="13" text="汉语广东话" />
</items>