﻿<?xml version="1.0" encoding="UTF-8"?>
<items>
  <item value="1" text="我最值得记忆的生日日期……"></item>
  <item value="2" text="我最喜欢的体育运动是……"></item>
  <item value="4" text="我最崇拜的名人是……"></item>
  <item value="5" text="我最喜欢的行业的名称……"></item>
  <item value="6" text="我最喜欢的网站……"></item>
  <item value="7" text="我最常用的软件是什么……"></item>
  <item value="8" text="我印象中最美丽的城市在……"></item>
  <item value="9" text="我最爱的人的名字……"></item>
</items>