﻿<?xml version="1.0" encoding="utf-8"?>
<items>
  <item value="品牌" text="品牌" />
  <item value="品质" text="品质" />
  <item value="价格" text="价格" />
  <item value="产地" text="产地" />
  <item value="长度" text="长度" />
  <item value="宽度" text="宽度" />
  <item value="厚度" text="厚度" />
  <item value="生产日期" text="生产日期" />
  <item value="颜色" text="颜色" />
  <item value="体积" text="体积" />
  <item value="重量" text="重量" />
  <item value="尺码" text="尺码" />
  <item value="形状" text="形状" />
  <item value="包装" text="包装" />
  <item value="容量" text="容量" />
  <item value="主要成分" text="主要成分" />
  <item value="用途" text="用途" />
  <item value="存放" text="存放" />
  <item value="易燃" text="易燃" />
  <item value="易破" text="易破" />
  <item value="温度" text="温度" />
  <item value="特点" text="特点" />
  <item value="运输" text="运输" />
  <item value="最大速度" text="最大速度" />
  <item value="型号" text="型号" />
  <item value="进口" text="进口" />
  <item value="出口" text="出口" />
  <item value="许可证" text="许可证" />
  <item value="保持期" text="保持期" />
  <item value="有效期" text="有效期" />
  <item value="使用寿命" text="使用寿命" />
  <item value="浓度" text="浓度" />
</items>