﻿<?xml version="1.0" encoding="utf-8"?>
<items>
  <item value="1" text="IT" />
  <item value="2" text="上网" />
  <item value="3" text="餐饮" />
  <item value="4" text="生活" />
  <item value="5" text="医疗" />
  <item value="6" text="数码通讯" />
  <item value="7" text="高新科技" />
  <item value="8" text="健身" />
  <item value="9" text="交通" />
  <item value="10" text="娱乐" />
  <item value="11" text="农林" />
  <item value="12" text="建筑" />
  <item value="13" text="其他" />
</items>