﻿<?xml version="1.0" encoding="utf-8"?>
<items>
  <item value="1" text="1000以下" />
  <item value="2" text="1000-1999" />
  <item value="3" text="2000-2999" />
  <item value="4" text="3000-4499" />
  <item value="5" text="4500-5999" />
  <item value="6" text="6000-7999" />
  <item value="7" text="8000-9999" />
  <item value="8" text="10000-14999" />
  <item value="9" text="15000-29999" />
  <item value="10" text="30000-49999" />
  <item value="11" text="50000及以上" />
</items>