﻿<?xml version="1.0" encoding="utf-8"?>
<items>
  <item value="9" text="9" />
  <item value="10" text="10" />
  <item value="11" text="11" />
  <item value="12" text="12" />
  <item value="13" text="13" />
  <item value="14" text="14" />
  <item value="15" text="15" />
  <item value="16" text="16" />
  <item value="17" text="17" />
  <item value="18" text="18" />
  <item value="19" text="19" />
  <item value="20" text="20" />
  <item value="21" text="21" />
  <item value="22" text="22" />
  <item value="23" text="23" />
  <item value="24" text="24" />
  <item value="25" text="25" />
  <item value="26" text="26" />
  <item value="27" text="27" />
  <item value="28" text="28" />
  <item value="29" text="29" />
  <item value="30" text="30" />
  <item value="31" text="31" />
  <item value="32" text="32" />
  <item value="33" text="33" />
  <item value="34" text="34" />
  <item value="35" text="35" />
  <item value="36" text="36" />
</items>