﻿<?xml version="1.0" encoding="utf-8"?>
<items>
  <item value="1" text="标题列表页面片">
  </item>
  <item value="2" text="正文内容页面片" />
  <item value="3" text="导航页面片" />
  <item value="4" text="单个图片页面片">
    <!--仅有一个Image的SubItem-->
  </item>
  <item value="5" text="单个Flash页面片">
    <!--仅有一个Flash的SubItem-->
  </item>
  <item value="6" text="本站相关内容链接页面片" />
  <item value="7" text="捷路相关内容链接页面片" />
  <item value="8" text="媒体播放页面片">
    <!--仅有一个video的SubItem-->
  </item>
  <item value="9" text="友情链接页面片" />
  <item value="10" text="广告页面片" />
</items>