﻿<?xml version="1.0" encoding="utf-8"?>
<items value="0">
  <item value="1" text="安徽省">
    <subitem value="2" text="合肥市" />
    <subitem text="淮北市" value="3" />
    <subitem text="淮南市" value="4" />
    <subitem text="黄山市" value="5" />
    <subitem text="安庆市" value="6" />
    <subitem text="蚌埠市" value="7" />
    <subitem value="8" text="巢湖地区" />
    <subitem value="9" text="池州地区" />
    <subitem value="10" text="滁州市" />
    <subitem value="11" text="六安地区" />
    <subitem value="12" text="马鞍山市" />
    <subitem value="13" text="宣城地区" />
    <subitem value="14" text="宿县地区" />
    <subitem value="15" text="铜陵市" />
    <subitem value="16" text="芜湖市" />
    <subitem value="17" text="阜阳市" />
    <subitem value="18" text="毫州市" />
    <subitem value="19" text="其它地区" />
  </item>
  <item value="20" text="北京市">
    <subitem text="东城区" value="21" />
    <subitem text="西城区" value="22" />
    <subitem text="崇文区" value="23" />
    <subitem text="宣武区" value="24" />
    <subitem text="朝阳区" value="25" />
    <subitem text="海淀区" value="26" />
    <subitem text="丰台区" value="27" />
    <subitem text="石景山区" value="28" />
    <subitem text="门头沟区" value="29" />
    <subitem text="房山区" value="30" />
    <subitem text="通州区" value="31" />
    <subitem text="顺义区" value="32" />
    <subitem text="昌平区" value="33" />
    <subitem text="大兴区" value="34" />
    <subitem text="怀柔区" value="35" />
    <subitem text="平谷区" value="36" />
    <subitem text="密云县" value="37" />
    <subitem text="延庆县" value="38" />
    <subitem text="其它地区" value="39" />
  </item>
  <item value="40" text="重庆市">
    <subitem text="渝中区" value="41" />
    <subitem text="大渡口区" value="42" />
    <subitem text="江北区" value="43" />
    <subitem text="沙坪坝区" value="44" />
    <subitem text="九龙坡区" value="45" />
    <subitem text="南岸区" value="46" />
    <subitem text="北碚区" value="47" />
    <subitem text="万盛区" value="48" />
    <subitem text="双桥区" value="49" />
    <subitem text="渝北区" value="50" />
    <subitem text="巴南区" value="51" />
    <subitem text="万州区" value="52" />
    <subitem text="涪陵区" value="53" />
    <subitem text="黔江区" value="54" />
    <subitem text="长寿区" value="55" />
    <subitem text="其它地区" value="56" />
  </item>
  <item value="57" text="福建省">
    <subitem text="福州市" value="58" />
    <subitem text="龙岩地区" value="59" />
    <subitem text="南平市" value="60" />
    <subitem text="宁德地区" value="61" />
    <subitem text="莆田市" value="62" />
    <subitem text="泉州市" value="63" />
    <subitem text="三明市" value="64" />
    <subitem text="厦门市" value="65" />
    <subitem text="漳州市" value="66" />
    <subitem text="其它地区" value="67" />
  </item>
  <item value="68" text="甘肃省">
    <subitem text="兰州市" value="69" />
    <subitem text="甘南藏族自治州" value="70" />
    <subitem text="定西地区" value="71" />
    <subitem text="白银市" value="72" />
    <subitem text="嘉峪关市" value="73" />
    <subitem text="金昌市" value="74" />
    <subitem text="酒泉地区" value="75" />
    <subitem text="临夏回族自治州" value="76" />
    <subitem text="陇南地区" value="77" />
    <subitem text="平凉地区" value="78" />
    <subitem text="庆阳地区" value="79" />
    <subitem text="天水市" value="80" />
    <subitem text="武威地区" value="81" />
    <subitem text="张掖地区" value="82" />
    <subitem text="其它地区" value="83" />
  </item>
  <item value="84" text="广东省">
    <subitem text="广州市" value="85" />
    <subitem text="佛山市" value="86" />
    <subitem text="惠州市" value="87" />
    <subitem text="东莞市" value="88" />
    <subitem text="江门市" value="89" />
    <subitem text="揭阳市" value="90" />
    <subitem text="潮州市" value="91" />
    <subitem text="茂名市" value="92" />
    <subitem text="梅州市" value="93" />
    <subitem text="清远市" value="94" />
    <subitem text="汕头市" value="95" />
    <subitem text="汕尾市" value="96" />
    <subitem text="深圳市" value="97" />
    <subitem text="韶关市" value="98" />
    <subitem text="阳江市" value="99" />
    <subitem text="河源市" value="100" />
    <subitem text="云浮市" value="101" />
    <subitem text="中山市" value="102" />
    <subitem text="珠海市" value="103" />
    <subitem text="湛江市" value="104" />
    <subitem text="肇庆市" value="105" />
    <subitem text="其它地区" value="106" />
  </item>
  <item value="107" text="广西">
    <subitem text="南宁市" value="108" />
    <subitem text="防城港市" value="109" />
    <subitem text="北海市" value="110" />
    <subitem text="百色地区" value="111" />
    <subitem text="桂林地区" value="112" />
    <subitem text="桂林市" value="113" />
    <subitem text="柳州地区" value="114" />
    <subitem text="柳州市" value="115" />
    <subitem text="南宁地区" value="116" />
    <subitem text="钦州市" value="117" />
    <subitem text="梧州地区" value="118" />
    <subitem text="梧州市" value="119" />
    <subitem text="河池地区" value="120" />
    <subitem text="玉林地区" value="121" />
    <subitem text="贵港市" value="122" />
    <subitem text="其它地区" value="123" />
  </item>
  <item value="124" text="贵州省">
    <subitem text="贵阳市" value="125" />
    <subitem text="毕节地区" value="126" />
    <subitem text="遵义地区" value="127" />
    <subitem text="安顺地区" value="128" />
    <subitem text="六盘水市" value="129" />
    <subitem text="黔东南苗族侗族自治州" value="130" />
    <subitem text="黔南布依族苗族自治州" value="131" />
    <subitem text="黔西南布依族苗族自治州" value="132" />
    <subitem text="铜仁地区" value="133" />
    <subitem text="其它地区" value="134" />
  </item>
  <item value="135" text="海南省">
    <subitem text="海口市" value="136" />
    <subitem text="三亚市" value="137" />
    <subitem text="省直辖县级行政单位" value="138" />
    <subitem text="其它地区" value="139" />
  </item>
  <item value="140" text="河北省">
    <subitem text="石家庄市" value="141" />
    <subitem text="邯郸市" value="142" />
    <subitem text="邢台市" value="143" />
    <subitem text="保定市" value="144" />
    <subitem text="张家口市" value="145" />
    <subitem text="沧州市" value="146" />
    <subitem text="承德市" value="147" />
    <subitem text="廊坊市" value="148" />
    <subitem text="秦皇岛市" value="149" />
    <subitem text="唐山市" value="150" />
    <subitem text="衡水市" value="151" />
    <subitem text="其它地区" value="152" />
  </item>
  <item value="153" text="河南省">
    <subitem text="郑州市" value="154" />
    <subitem text="开封市" value="155" />
    <subitem text="驻马店地区" value="156" />
    <subitem text="安阳市" value="157" />
    <subitem text="焦作市" value="158" />
    <subitem text="洛阳市" value="159" />
    <subitem text="濮阳市" value="160" />
    <subitem text="漯河市" value="161" />
    <subitem text="南阳市" value="162" />
    <subitem text="平顶山市" value="163" />
    <subitem text="新乡市" value="164" />
    <subitem text="信阳地区" value="165" />
    <subitem text="许昌市" value="166" />
    <subitem text="商丘地区" value="167" />
    <subitem text="三门峡市" value="168" />
    <subitem text="鹤壁市" value="169" />
    <subitem text="周口地区" value="170" />
    <subitem text="其它地区" value="171" />
  </item>
  <item value="172" text="黑龙江省">
    <subitem text="哈尔滨市" value="173" />
    <subitem text="大庆市" value="174" />
    <subitem text="大兴安岭地区" value="175" />
    <subitem text="鸡西市" value="176" />
    <subitem text="佳木斯市" value="177" />
    <subitem text="牡丹江市" value="178" />
    <subitem text="齐齐哈尔市" value="179" />
    <subitem text="七台河市" value="180" />
    <subitem text="双鸭山市" value="181" />
    <subitem text="绥化地区" value="182" />
    <subitem text="松花江地区" value="183" />
    <subitem text="鹤岗市" value="184" />
    <subitem text="黑河市" value="185" />
    <subitem text="伊春市" value="186" />
    <subitem text="其它地区" value="187" />
  </item>
  <item value="188" text="湖北省">
    <subitem text="武汉市" value="189" />
    <subitem text="黄冈市" value="190" />
    <subitem text="黄石市" value="191" />
    <subitem text="恩施土家族苗族自治州" value="192" />
    <subitem text="鄂州市" value="193" />
    <subitem text="荆门市" value="194" />
    <subitem text="荆州市" value="195" />
    <subitem text="孝感市" value="196" />
    <subitem text="省直辖县级行政单位" value="197" />
    <subitem text="十堰市" value="198" />
    <subitem text="襄樊市" value="199" />
    <subitem text="咸宁地区" value="200" />
    <subitem text="宜昌市" value="201" />
    <subitem text="其它地区" value="202" />
  </item>
  <item value="203" text="湖南省">
    <subitem text="长沙市" value="204" />
    <subitem text="怀化地区" value="205" />
    <subitem text="郴州市" value="206" />
    <subitem text="常德市" value="207" />
    <subitem text="娄底地区" value="208" />
    <subitem text="邵阳市" value="209" />
    <subitem text="湘潭市" value="210" />
    <subitem text="湘西土家族苗族自治州" value="211" />
    <subitem text="衡阳市" value="212" />
    <subitem text="永州市" value="213" />
    <subitem text="益阳市" value="214" />
    <subitem text="岳阳市" value="215" />
    <subitem text="株洲市" value="216" />
    <subitem text="张家界市" value="217" />
    <subitem text="其它地区" value="218" />
  </item>
  <item value="219" text="江苏省">
    <subitem text="南京市" value="220" />
    <subitem text="淮阴市" value="221" />
    <subitem text="常州市" value="222" />
    <subitem text="连云港市" value="223" />
    <subitem text="南通市" value="224" />
    <subitem text="徐州市" value="225" />
    <subitem text="苏州市" value="226" />
    <subitem text="无锡市" value="227" />
    <subitem text="盐城市" value="228" />
    <subitem text="扬州市" value="229" />
    <subitem text="镇江市" value="230" />
    <subitem text="泰州市" value="231" />
    <subitem text="宿迁市" value="232" />
    <subitem text="其它地区" value="233" />
  </item>
  <item value="234" text="江西省">
    <subitem text="南昌市" value="235" />
    <subitem text="抚州地区" value="236" />
    <subitem text="赣州地区" value="237" />
    <subitem text="吉安地区" value="238" />
    <subitem text="景德镇市" value="239" />
    <subitem text="九江市" value="240" />
    <subitem text="萍乡市" value="241" />
    <subitem text="新余市" value="242" />
    <subitem text="上饶地区" value="243" />
    <subitem text="鹰潭市" value="244" />
    <subitem text="宜春地区" value="245" />
    <subitem text="其它地区" value="246" />
  </item>
  <item value="247" text="吉林省">
    <subitem text="长春市" value="248" />
    <subitem text="白城市" value="249" />
    <subitem text="白山市" value="250" />
    <subitem text="吉林市" value="251" />
    <subitem text="辽源市" value="252" />
    <subitem text="四平市" value="253" />
    <subitem text="松原市" value="254" />
    <subitem text="通化市" value="255" />
    <subitem text="延边朝鲜族自治州" value="256" />
    <subitem text="其它地区" value="257" />
  </item>
  <item value="258" text="辽宁省">
    <subitem text="沈阳市" value="259" />
    <subitem text="大连市" value="260" />
    <subitem text="阜新市" value="261" />
    <subitem text="抚顺市" value="262" />
    <subitem text="本溪市" value="263" />
    <subitem text="鞍山市" value="264" />
    <subitem text="丹东市" value="265" />
    <subitem text="锦州市" value="266" />
    <subitem text="朝阳市" value="267" />
    <subitem text="辽阳市" value="268" />
    <subitem text="盘锦市" value="269" />
    <subitem text="铁岭市" value="270" />
    <subitem text="营口市" value="271" />
    <subitem text="锦西市" value="272" />
    <subitem text="其它地区" value="273" />
  </item>
  <item value="274" text="内蒙古">
    <subitem text="呼和浩特市" value="275" />
    <subitem text="阿拉善盟" value="276" />
    <subitem text="巴彦淖尔盟" value="277" />
    <subitem text="包头市" value="278" />
    <subitem text="赤峰市" value="279" />
    <subitem text="兴安盟" value="280" />
    <subitem text="乌兰察布盟" value="281" />
    <subitem text="乌海市" value="282" />
    <subitem text="锡林郭勒盟" value="283" />
    <subitem text="呼伦贝尔盟" value="284" />
    <subitem text="鄂尔多斯市" value="285" />
    <subitem text="哲里木盟" value="286" />
    <subitem text="其它地区" value="287" />
  </item>
  <item value="288" text="宁夏">
    <subitem text="银川市" value="289" />
    <subitem text="固原地区" value="290" />
    <subitem text="石嘴山市" value="291" />
    <subitem text="银南地区" value="292" />
    <subitem text="其它地区" value="293" />
  </item>
  <item value="294" text="青海省">
    <subitem text="西宁市" value="295" />
    <subitem text="海东地区" value="296" />
    <subitem text="海南藏族自治州" value="297" />
    <subitem text="海北藏族自治州" value="298" />
    <subitem text="黄南藏族自治州" value="299" />
    <subitem text="果洛藏族自治州" value="300" />
    <subitem text="玉树藏族自治州" value="301" />
    <subitem text="海西蒙古族藏族自治州" value="302" />
    <subitem text="其它地区" value="303" />
  </item>
  <item value="304" text="上海市">
    <subitem text="黄浦区" value="305" />
    <subitem text="卢湾区" value="306" />
    <subitem text="徐汇区" value="307" />
    <subitem text="长宁区" value="308" />
    <subitem text="静安区" value="309" />
    <subitem text="普陀区" value="310" />
    <subitem text="闸北区" value="311" />
    <subitem text="虹口区" value="312" />
    <subitem text="杨浦区" value="313" />
    <subitem text="宝山区" value="314" />
    <subitem text="闵行区" value="315" />
    <subitem text="嘉定区" value="316" />
    <subitem text="浦东新区" value="317" />
    <subitem text="松江区" value="318" />
    <subitem text="金山区" value="319" />
    <subitem text="青浦区" value="320" />
    <subitem text="南汇区" value="321" />
    <subitem text="奉贤区" value="322" />
    <subitem text="崇明县" value="323" />
    <subitem text="其它地区" value="324" />
  </item>
  <item value="325" text="山东省">
    <subitem text="济南市" value="326" />
    <subitem text="东营市" value="327" />
    <subitem text="滨州地区" value="328" />
    <subitem text="淄博市" value="329" />
    <subitem text="德州市" value="330" />
    <subitem text="济宁市" value="331" />
    <subitem text="聊城地区" value="332" />
    <subitem text="临沂市" value="333" />
    <subitem text="莱芜市" value="334" />
    <subitem text="青岛市" value="335" />
    <subitem text="日照市" value="336" />
    <subitem text="威海市" value="337" />
    <subitem text="泰安市" value="338" />
    <subitem text="潍坊市" value="339" />
    <subitem text="烟台市" value="340" />
    <subitem text="菏泽地区" value="341" />
    <subitem text="枣庄市" value="342" />
    <subitem text="其它地区" value="343" />
  </item>
  <item value="344" text="山西省">
    <subitem text="太原市" value="345" />
    <subitem text="大同市" value="346" />
    <subitem text="晋城市" value="347" />
    <subitem text="晋中地区" value="348" />
    <subitem text="长治市" value="349" />
    <subitem text="临汾地区" value="350" />
    <subitem text="吕梁地区" value="351" />
    <subitem text="忻州地区" value="352" />
    <subitem text="朔州市" value="353" />
    <subitem text="阳泉市" value="354" />
    <subitem text="运城地区" value="355" />
    <subitem text="其它地区" value="356" />
  </item>
  <item value="357" text="陕西省">
    <subitem text="西安市" value="358" />
    <subitem text="宝鸡市" value="359" />
    <subitem text="安康地区" value="360" />
    <subitem text="商洛地区" value="361" />
    <subitem text="铜川市" value="362" />
    <subitem text="渭南地区" value="363" />
    <subitem text="咸阳市" value="364" />
    <subitem text="延安地区" value="365" />
    <subitem text="汉中地区" value="366" />
    <subitem text="榆林地区" value="367" />
    <subitem text="其它地区" value="368" />
  </item>
  <item value="369" text="四川省">
    <subitem text="成都市" value="370" />
    <subitem text="达川地区" value="371" />
    <subitem text="甘孜藏族自治州" value="372" />
    <subitem text="自贡市" value="373" />
    <subitem text="阿坝藏族羌族自治州" value="374" />
    <subitem text="巴中地区" value="375" />
    <subitem text="德阳市" value="376" />
    <subitem text="广安地区" value="377" />
    <subitem text="广元市" value="378" />
    <subitem text="凉山彝族自治州" value="379" />
    <subitem text="乐山市" value="380" />
    <subitem text="攀枝花市" value="381" />
    <subitem text="南充市" value="382" />
    <subitem text="内江市" value="383" />
    <subitem text="泸州市" value="384" />
    <subitem text="绵阳市" value="385" />
    <subitem text="遂宁市" value="386" />
    <subitem text="雅安地区" value="387" />
    <subitem text="宜宾地区" value="388" />
    <subitem text="其它地区" value="389" />
  </item>
  <item value="390" text="天津市">
    <subitem text="和平区" value="391" />
    <subitem text="河东区" value="392" />
    <subitem text="河西区" value="393" />
    <subitem text="南开区" value="394" />
    <subitem text="河北区" value="395" />
    <subitem text="红桥区" value="396" />
    <subitem text="塘沽区" value="397" />
    <subitem text="汉沽区" value="398" />
    <subitem text="大港区" value="399" />
    <subitem text="东丽区" value="400" />
    <subitem text="西青区" value="401" />
    <subitem text="北辰区" value="402" />
    <subitem text="津南区" value="403" />
    <subitem text="武清区" value="404" />
    <subitem text="宝坻区" value="405" />
    <subitem text="其它地区" value="406" />
  </item>
  <item value="407" text="新疆">
    <subitem text="乌鲁木齐市" value="408" />
    <subitem text="喀什地区" value="409" />
    <subitem text="克孜勒苏柯尔克孜自治州" value="410" />
    <subitem text="克拉玛依市" value="411" />
    <subitem text="阿克苏地区" value="412" />
    <subitem text="阿勒泰地区" value="413" />
    <subitem text="巴音郭楞蒙古自治州" value="414" />
    <subitem text="哈密地区" value="415" />
    <subitem text="博尔塔拉蒙古自治州" value="416" />
    <subitem text="昌吉回族自治州" value="417" />
    <subitem text="塔城地区" value="418" />
    <subitem text="吐鲁番地区" value="419" />
    <subitem text="和田地区" value="420" />
    <subitem text="伊犁地区" value="421" />
    <subitem text="伊犁哈萨克自治州" value="422" />
    <subitem text="石河子市" value="423" />
    <subitem text="其它地区" value="424" />
  </item>
  <item value="425" text="西藏">
    <subitem text="拉萨市" value="426" />
    <subitem text="阿里地区" value="427" />
    <subitem text="昌都地区" value="428" />
    <subitem text="林芝地区" value="429" />
    <subitem text="那曲地区" value="430" />
    <subitem text="山南地区" value="431" />
    <subitem text="日喀则地区" value="432" />
    <subitem text="其它地区" value="433" />
  </item>
  <item value="434" text="云南省">
    <subitem text="昆明市" value="435" />
    <subitem text="大理白族自治州" value="436" />
    <subitem text="东川市" value="437" />
    <subitem text="保山地区" value="438" />
    <subitem text="德宏傣族景颇族自治州" value="439" />
    <subitem text="迪庆藏族自治州区" value="440" />
    <subitem text="楚雄彝族自治州" value="441" />
    <subitem text="临沧地区" value="442" />
    <subitem text="丽江地区" value="443" />
    <subitem text="怒江傈僳族自治州" value="444" />
    <subitem text="曲靖地区" value="445" />
    <subitem text="思茅地区" value="446" />
    <subitem text="西双版纳傣族自治州" value="447" />
    <subitem text="文山壮族苗族自治州" value="448" />
    <subitem text="红河哈尼族彝族自治州" value="449" />
    <subitem text="玉溪地区" value="450" />
    <subitem text="昭通地区" value="451" />
    <subitem text="其它地区" value="452" />
  </item>
  <item value="453" text="浙江省">
    <subitem text="杭州市" value="454" />
    <subitem text="嘉兴市" value="455" />
    <subitem text="金华市" value="456" />
    <subitem text="衢州市" value="457" />
    <subitem text="丽水地区" value="458" />
    <subitem text="宁波市" value="459" />
    <subitem text="绍兴市" value="460" />
    <subitem text="台州市" value="461" />
    <subitem text="温州市" value="462" />
    <subitem text="湖州市" value="463" />
    <subitem text="舟山市" value="464" />
    <subitem text="其它地区" value="465" />
  </item>
  <item value="466" text="香港">
    <subitem value="467" text="香港" />
  </item>
  <item value="468" text="澳门">
    <subitem value="469" text="澳门" />
  </item>
  <item value="470" text="台湾">
    <subitem value="471" text="台湾" />
  </item>
  <item value="472" text="新疆生产建设兵团">
    <subitem value="473" text="新疆生产建设兵团" />
  </item>
  <item value="474" text="国外">
    <subitem value="475" text="国外" />
  </item>
</items>